year,lake,season,BINMID,BINMIN,BINMAX,avg.density.areal,BINMID_LOG,BINMIN_LOG,BINMAX_LOG,DENS_LOG
2018,Blue,summer,1.39698386192322e-9,9.31322574615479e-10,1.86264514923096e-9,1769911.504424779,-29.415037499278842,-30,-28.999999999999996,20.75524579668371
2018,Blue,summer,1.11758708953857e-8,7.45058059692383e-9,1.49011611938477e-8,123893.80530973453,-26.41503749927885,-27,-25.999999999999996,16.91874452896659
2018,Blue,summer,4.4703483581543e-8,2.98023223876953e-8,5.96046447753906e-8,663716.8141592921,-24.415037499278842,-25,-24,19.340208297404867
2018,Blue,summer,1.78813934326172e-7,1.19209289550781e-7,2.38418579101562e-7,601769.9115044249,-22.415037499278842,-23.000000000000004,-22.000000000000004,19.198852448159325
2018,Blue,summer,7.15255737304688e-7,4.76837158203125e-7,9.5367431640625e-7,159292.0353982301,-20.415037499278842,-21,-20,17.2813146083513
2018,Blue,summer,1.43051147460938e-6,9.5367431640625e-7,1.9073486328125e-6,548672.5663716815,-19.41503749927884,-20,-19,19.065585917295863
2018,Blue,summer,2.86102294921875e-6,1.9073486328125e-6,3.814697265625e-6,117994.10029498526,-18.415037499278842,-19,-18,16.848355201075194
2018,Blue,summer,4.57763671875e-5,3.0517578125e-5,6.103515625e-5,155.2795031,-14.415037499278844,-15,-14,7.2787235962702574
2018,Blue,summer,9.1552734375e-5,6.103515625e-5,1.220703125e-4,86.95652174,-13.415037499278844,-14,-13,6.4422223286195015
2018,Blue,summer,1.8310546875e-4,1.220703125e-4,2.44140625e-4,168.8448297768125,-12.415037499278844,-13,-12,7.39955419281242
2018,Blue,summer,0.005859375,0.00390625,0.0078125,156.521739102,-7.415037499278844,-8,-7,7.290219234897934
2018,Blue,summer,0.01171875,0.0078125,0.015625,278.260869554,-6.415037499278844,-7,-6,8.120294233659553
2018,Blue,summer,0.046875,0.03125,0.0625,87.17621745244445,-4.415037499278844,-5,-4,6.445862701871442
2018,Center,spring,6.98491930961609e-10,4.65661287307739e-10,9.31322574615479e-10,506194.6902654867,-30.415037499278842,-31,-30,18.94933284880001
2018,Center,spring,1.39698386192322e-9,9.31322574615479e-10,1.86264514923096e-9,31592.9203539823,-29.415037499278842,-30,-28.999999999999996,14.947313681163362
2018,Center,spring,2.79396772384644e-9,1.86264514923096e-9,3.72529029846191e-9,148938.0530973451,-28.415037499278842,-28.999999999999996,-28,17.18435287846421
2018,Center,spring,2.23517417907715e-8,1.49011611938477e-8,2.98023223876953e-8,15176.991150442478,-25.415037499278842,-25.999999999999996,-25,13.889598183307074
2018,Center,spring,1.78813934326172e-7,1.19209289550781e-7,2.38418579101562e-7,130070.796460177,-22.415037499278842,-23.000000000000004,-22.000000000000004,16.988937558464478
2018,Center,spring,3.57627868652344e-7,2.38418579101562e-7,4.76837158203125e-7,14203.53982300885,-21.415037499278842,-22.000000000000004,-21,13.793962904256565
2018,Center,spring,7.15255737304688e-7,4.76837158203125e-7,9.5367431640625e-7,58879.05604719765,-20.415037499278842,-21,-20,15.845466921750367
2018,Center,spring,1.43051147460938e-6,9.5367431640625e-7,1.9073486328125e-6,143539.82300884958,-19.41503749927884,-20,-19,17.131091521351536
2018,Center,spring,2.86102294921875e-6,1.9073486328125e-6,3.814697265625e-6,85752.21238938053,-18.415037499278842,-19,-18,16.38788627254934
2018,Center,spring,5.7220458984375e-6,3.814697265625e-6,7.62939453125e-6,71946.90265486727,-17.415037499278842,-18,-17,16.13464495920929
2018,Center,spring,1.1444091796875e-5,7.62939453125e-6,1.52587890625e-5,148938.0530973451,-16.415037499278842,-17,-16,17.18435287846421
2018,Center,summer,1.39698386192322e-9,9.31322574615479e-10,1.86264514923096e-9,48141.592920353985,-29.415037499278842,-30,-28.999999999999996,15.554996258384602
2018,Center,summer,1.11758708953857e-8,7.45058059692383e-9,1.49011611938477e-8,4247.787610619469,-26.41503749927885,-27,-25.999999999999996,12.052495917855417
2018,Center,summer,2.23517417907715e-8,1.49011611938477e-8,2.98023223876953e-8,10442.477876106195,-25.415037499278842,-25.999999999999996,-25,13.350176466496103
2018,Center,summer,4.4703483581543e-8,2.98023223876953e-8,5.96046447753906e-8,9026.548672566372,-24.415037499278842,-25,-24,13.139958759105758
2018,Center,summer,1.78813934326172e-7,1.19209289550781e-7,2.38418579101562e-7,115530.97345132743,-22.415037499278842,-23.000000000000004,-22.000000000000004,16.817920159447105
2018,Center,summer,7.15255737304688e-7,4.76837158203125e-7,9.5367431640625e-7,12300.884955752212,-20.415037499278842,-21,-20,13.58647448985777
2018,Center,summer,1.43051147460938e-6,9.5367431640625e-7,1.9073486328125e-6,77256.63716814159,-19.41503749927884,-20,-19,16.2373712607637
2018,Center,summer,2.86102294921875e-6,1.9073486328125e-6,3.814697265625e-6,49601.76991150442,-18.415037499278842,-19,-18,15.598103979939689
2018,Center,summer,4.57763671875e-5,3.0517578125e-5,6.103515625e-5,101.44927537,-14.415037499278844,-15,-14,6.664614750050754
2018,Center,summer,3.662109375e-4,2.44140625e-4,4.8828125e-4,165.217390429,-11.415037499278844,-12,-11,7.368221739517671
2018,Center,summer,0.00146484375,9.765625e-4,0.001953125,86.956521735,-9.415037499278844,-10,-9,6.442222328536546
2018,Center,summer,0.01171875,0.0078125,0.015625,371.9806763411111,-6.415037499278844,-7,-6,8.539083867906564
2018,Five.Island,spring,1.39698386192322e-9,9.31322574615479e-10,1.86264514923096e-9,115619.46902654867,-29.415037499278842,-30,-28.999999999999996,16.81902482645428
2018,Five.Island,spring,2.79396772384644e-9,1.86264514923096e-9,3.72529029846191e-9,24115.04424778761,-28.415037499278842,-28.999999999999996,-28,14.55764583679855
2018,Five.Island,spring,2.23517417907715e-8,1.49011611938477e-8,2.98023223876953e-8,14380.530973451328,-25.415037499278842,-25.999999999999996,-25,13.811829325050079
2018,Five.Island,spring,1.78813934326172e-7,1.19209289550781e-7,2.38418579101562e-7,103982.30088495574,-22.415037499278842,-23.000000000000004,-22.000000000000004,16.665978458586622
2018,Five.Island,spring,3.57627868652344e-7,2.38418579101562e-7,4.76837158203125e-7,21592.920353982296,-21.415037499278842,-22.000000000000004,-21,14.398270754697148
2018,Five.Island,spring,7.15255737304688e-7,4.76837158203125e-7,9.5367431640625e-7,143687.31563421828,-20.415037499278842,-21,-20,17.132573184253552
2018,Five.Island,spring,1.43051147460938e-6,9.5367431640625e-7,1.9073486328125e-6,147533.18584070794,-19.41503749927884,-20,-19,17.17067998255689
2018,Five.Island,spring,2.86102294921875e-6,1.9073486328125e-6,3.814697265625e-6,64955.75221238938,-18.415037499278842,-19,-18,15.987169669977474
2018,Five.Island,spring,5.7220458984375e-6,3.814697265625e-6,7.62939453125e-6,59247.78761061947,-17.415037499278842,-18,-17,15.854473662458572
2018,Five.Island,spring,1.1444091796875e-5,7.62939453125e-6,1.52587890625e-5,45663.7168141593,-16.415037499278842,-17,-16,15.478760672557517
2018,Five.Island,summer,1.39698386192322e-9,9.31322574615479e-10,1.86264514923096e-9,164129.7935103245,-29.415037499278842,-30,-28.999999999999996,17.324477620955346
2018,Five.Island,summer,1.11758708953857e-8,7.45058059692383e-9,1.49011611938477e-8,23628.3185840708,-26.41503749927885,-27,-25.999999999999996,14.528229348821815
2018,Five.Island,summer,2.23517417907715e-8,1.49011611938477e-8,2.98023223876953e-8,15132.743362831861,-25.415037499278842,-25.999999999999996,-25,13.88538593202016
2018,Five.Island,summer,8.94069671630859e-8,5.96046447753906e-8,1.19209289550781e-7,15752.212389380533,-23.415037499278846,-24,-23.000000000000004,13.94326684810066
2018,Five.Island,summer,1.78813934326172e-7,1.19209289550781e-7,2.38418579101562e-7,94365.78171091445,-22.415037499278842,-23.000000000000004,-22.000000000000004,16.52597619352878
2018,Five.Island,summer,1.43051147460938e-6,9.5367431640625e-7,1.9073486328125e-6,27610.61946902655,-19.41503749927884,-20,-19,14.75293563599651
2018,Five.Island,summer,2.86102294921875e-6,1.9073486328125e-6,3.814697265625e-6,74955.75221238939,-18.415037499278842,-19,-18,16.19375157646646
2018,Five.Island,summer,5.7220458984375e-6,3.814697265625e-6,7.62939453125e-6,22772.861356932157,-17.415037499278842,-18,-17,14.475027953681186
2018,Five.Island,summer,1.8310546875e-4,1.220703125e-4,2.44140625e-4,439.61352902333334,-12.415037499278844,-13,-12,8.780091975412489
2018,Five.Island,summer,7.32421875e-4,4.8828125e-4,9.765625e-4,130.4347826,-10.415037499278844,-11,-10,7.027184829230051
2018,Five.Island,summer,0.00146484375,9.765625e-4,0.001953125,43.47826087,-9.415037499278844,-10,-9,5.4422223286195015
2018,Five.Island,summer,0.0029296875,0.001953125,0.00390625,57.971014493333335,-8.415037499278844,-9,-8,5.857259827898345
2018,Five.Island,summer,0.005859375,0.00390625,0.0078125,130.4348,-7.415037499278844,-8,-7,7.027185021685557
2018,Five.Island,summer,0.01171875,0.0078125,0.015625,167.70186336,-6.415037499278844,-7,-6,7.389754908762234
2018,North.Twin,spring,1.39698386192322e-9,9.31322574615479e-10,1.86264514923096e-9,964513.2743362833,-29.415037499278842,-30,-28.999999999999996,19.879441568270902
2018,North.Twin,spring,4.4703483581543e-8,2.98023223876953e-8,5.96046447753906e-8,45663.71681415929,-24.415037499278842,-25,-24,15.478760672557517
2018,North.Twin,spring,8.94069671630859e-8,5.96046447753906e-8,1.19209289550781e-7,17404.129793510325,-23.415037499278846,-24,-23.000000000000004,14.087142060662309
2018,North.Twin,spring,1.78813934326172e-7,1.19209289550781e-7,2.38418579101562e-7,51017.69911504425,-22.415037499278842,-23.000000000000004,-22.000000000000004,15.638710214786034
2018,North.Twin,spring,1.43051147460938e-6,9.5367431640625e-7,1.9073486328125e-6,161061.94690265486,-19.41503749927884,-20,-19,17.29725615222032
2018,North.Twin,spring,2.86102294921875e-6,1.9073486328125e-6,3.814697265625e-6,72964.6017699115,-18.415037499278842,-19,-18,16.15490910057173
2018,North.Twin,spring,5.7220458984375e-6,3.814697265625e-6,7.62939453125e-6,26637.168141592923,-17.415037499278842,-18,-17,14.701153093893964
2018,North.Twin,summer,6.98491930961609e-10,4.65661287307739e-10,9.31322574615479e-10,125752.21238938054,-30.415037499278842,-31,-30,16.940224256377043
2018,North.Twin,summer,2.23517417907715e-8,1.49011611938477e-8,2.98023223876953e-8,21681.41592920354,-25.415037499278842,-25.999999999999996,-25,14.404171356136832
2018,North.Twin,summer,8.94069671630859e-8,5.96046447753906e-8,1.19209289550781e-7,47699.11504424779,-23.415037499278846,-24,-23.000000000000004,15.541674879886767
2018,North.Twin,summer,7.15255737304688e-7,4.76837158203125e-7,9.5367431640625e-7,73716.81415929204,-20.415037499278842,-21,-20,16.16970610249981
2018,North.Twin,summer,1.43051147460938e-6,9.5367431640625e-7,1.9073486328125e-6,21681.41592920354,-19.41503749927884,-20,-19,14.404171356136832
2018,North.Twin,summer,2.86102294921875e-6,1.9073486328125e-6,3.814697265625e-6,318584.07079646015,-18.415037499278842,-19,-18,18.2813146083513
2018,North.Twin,summer,4.57763671875e-5,3.0517578125e-5,6.103515625e-5,43.47826087,-14.415037499278844,-15,-14,5.4422223286195015
2018,North.Twin,summer,3.662109375e-4,2.44140625e-4,4.8828125e-4,421.73913046,-11.415037499278844,-12,-11,8.720207075991103
2018,North.Twin,summer,7.32421875e-4,4.8828125e-4,9.765625e-4,43.47826087,-10.415037499278844,-11,-10,5.4422223286195015
2018,North.Twin,summer,0.00146484375,9.765625e-4,0.001953125,43.47826087,-9.415037499278844,-10,-9,5.4422223286195015
2018,North.Twin,summer,0.0029296875,0.001953125,0.00390625,213.76811593666665,-8.415037499278844,-9,-8,7.73990287720957
2018,Silver,spring,1.39698386192322e-9,9.31322574615479e-10,1.86264514923096e-9,7566.371681415931,-29.415037499278842,-30,-28.999999999999996,12.88538593202016
2018,Silver,spring,1.78813934326172e-7,1.19209289550781e-7,2.38418579101562e-7,51106.194690265496,-22.415037499278842,-23.000000000000004,-22.000000000000004,15.641210553437682
2018,Silver,spring,3.57627868652344e-7,2.38418579101562e-7,4.76837158203125e-7,15132.743362831861,-21.415037499278842,-22.000000000000004,-21,13.88538593202016
2018,Silver,spring,7.15255737304688e-7,4.76837158203125e-7,9.5367431640625e-7,34513.27433628319,-20.415037499278842,-21,-20,15.074863730883873
2018,Silver,spring,1.43051147460938e-6,9.5367431640625e-7,1.9073486328125e-6,54646.01769911505,-19.41503749927884,-20,-19,15.737828743606302
2018,Silver,spring,2.86102294921875e-6,1.9073486328125e-6,3.814697265625e-6,50619.469026548686,-18.415037499278842,-19,-18,15.627404753912652
2018,Silver,spring,5.7220458984375e-6,3.814697265625e-6,7.62939453125e-6,48554.57227138644,-17.415037499278842,-18,-17,15.56731953683473
2018,Silver,summer,2.79396772384644e-9,1.86264514923096e-9,3.72529029846191e-9,3274.336283185841,-28.415037499278842,-28.999999999999996,-28,11.676986782763212
2018,Silver,summer,2.23517417907715e-8,1.49011611938477e-8,2.98023223876953e-8,3274.336283185841,-25.415037499278842,-25.999999999999996,-25,11.676986782763212
2018,Silver,summer,8.94069671630859e-8,5.96046447753906e-8,1.19209289550781e-7,37758.11209439529,-23.415037499278846,-24,-23.000000000000004,15.204499011300468
2018,Silver,summer,1.78813934326172e-7,1.19209289550781e-7,2.38418579101562e-7,65486.72566371681,-22.415037499278842,-23.000000000000004,-22.000000000000004,15.998914877650574
2018,Silver,summer,3.57627868652344e-7,2.38418579101562e-7,4.76837158203125e-7,6548.672566371682,-21.415037499278842,-22.000000000000004,-21,12.676986782763212
2018,Silver,summer,7.15255737304688e-7,4.76837158203125e-7,9.5367431640625e-7,2890.855457227139,-20.415037499278842,-21,-20,11.497280760528314
2018,Silver,summer,1.43051147460938e-6,9.5367431640625e-7,1.9073486328125e-6,7079.646017699117,-19.41503749927884,-20,-19,12.789461512021624
2018,Silver,summer,2.86102294921875e-6,1.9073486328125e-6,3.814697265625e-6,49321.53392330384,-18.415037499278842,-19,-18,15.589930048493988
2018,Silver,summer,5.7220458984375e-6,3.814697265625e-6,7.62939453125e-6,63716.81415929205,-17.415037499278842,-18,-17,15.959386513463937
2018,Silver,summer,1.1444091796875e-5,7.62939453125e-6,1.52587890625e-5,34011.799410029504,-16.415037499278842,-17,-16,15.053747714064878
2018,Silver,summer,2.288818359375e-5,1.52587890625e-5,3.0517578125e-5,16371.681415929203,-15.415037499278844,-16,-15,13.998914877650574
2018,Silver,summer,4.57763671875e-5,3.0517578125e-5,6.103515625e-5,43.47826087,-14.415037499278844,-15,-14,5.4422223286195015
2018,Silver,summer,1.8310546875e-4,1.220703125e-4,2.44140625e-4,108.695652185,-12.415037499278844,-13,-12,6.764150423639592
2018,Silver,summer,3.662109375e-4,2.44140625e-4,4.8828125e-4,214.97584540907408,-11.415037499278844,-12,-11,7.748030758118731
2018,Silver,summer,7.32421875e-4,4.8828125e-4,9.765625e-4,65.2173913025,-10.415037499278844,-11,-10,6.027184829285354
2018,Silver,summer,0.0029296875,0.001953125,0.00390625,72.46376810833333,-8.415037499278844,-9,-8,6.179187922619797
2018,Silver,summer,0.005859375,0.00390625,0.0078125,43.47826087,-7.415037499278844,-8,-7,5.4422223286195015
2018,Silver,summer,0.01171875,0.0078125,0.015625,246.3768115722222,-6.415037499278844,-7,-6,7.944722669005547
2018,Silver,summer,0.75,0.5,1,108.6956521675,-0.4150374992788438,-1,0,6.764150423407317
2018,Storm,spring,1.39698386192322e-9,9.31322574615479e-10,1.86264514923096e-9,393628.3185840708,-29.415037499278842,-30,-28.999999999999996,18.586474489857768
2018,Storm,spring,2.79396772384644e-9,1.86264514923096e-9,3.72529029846191e-9,245044.2477876106,-28.415037499278842,-28.999999999999996,-28,17.902682755501193
2018,Storm,spring,5.58793544769287e-9,3.72529029846191e-9,7.45058059692383e-9,12566.371681415929,-27.415037499278846,-28,-27,13.617280536638944
2018,Storm,spring,1.11758708953857e-8,7.45058059692383e-9,1.49011611938477e-8,30442.477876106197,-26.41503749927885,-27,-25.999999999999996,14.89379817183636
2018,Storm,spring,2.23517417907715e-8,1.49011611938477e-8,2.98023223876953e-8,856194.6902654866,-25.415037499278842,-25.999999999999996,-25,19.707579363053398
2018,Storm,spring,4.4703483581543e-8,2.98023223876953e-8,5.96046447753906e-8,38053.097345132745,-24.415037499278842,-25,-24,15.215726266723722
2018,Storm,spring,8.94069671630859e-8,5.96046447753906e-8,1.19209289550781e-7,25132.743362831858,-23.415037499278846,-24,-23.000000000000004,14.617280536638944
2018,Storm,spring,1.78813934326172e-7,1.19209289550781e-7,2.38418579101562e-7,71858.40707964601,-22.415037499278842,-23.000000000000004,-22.000000000000004,16.132869334319437
2018,Storm,spring,3.57627868652344e-7,2.38418579101562e-7,4.76837158203125e-7,875221.238938053,-21.415037499278842,-22.000000000000004,-21,19.739288222780736
2018,Storm,spring,7.15255737304688e-7,4.76837158203125e-7,9.5367431640625e-7,25132.743362831858,-20.415037499278842,-21,-20,14.617280536638944
2018,Storm,spring,1.43051147460938e-6,9.5367431640625e-7,1.9073486328125e-6,44306.78466076696,-19.41503749927884,-20,-19,15.435240013927377
2018,Storm,spring,2.86102294921875e-6,1.9073486328125e-6,3.814697265625e-6,120648.96755162241,-18.415037499278842,-19,-18,16.880456044242216
2018,Storm,spring,5.7220458984375e-6,3.814697265625e-6,7.62939453125e-6,64477.87610619469,-17.415037499278842,-18,-17,15.976516601989681
2018,Storm,summer,1.39698386192322e-9,9.31322574615479e-10,1.86264514923096e-9,15973.45132743363,-29.415037499278842,-30,-28.999999999999996,13.963388444021433
2018,Storm,summer,2.23517417907715e-8,1.49011611938477e-8,2.98023223876953e-8,28495.57522123894,-25.415037499278842,-25.999999999999996,-25,14.798450295248879
2018,Storm,summer,4.4703483581543e-8,2.98023223876953e-8,5.96046447753906e-8,25663.716814159296,-24.415037499278842,-25,-24,14.647442507149197
2018,Storm,summer,1.78813934326172e-7,1.19209289550781e-7,2.38418579101562e-7,187610.61946902657,-22.415037499278842,-23.000000000000004,-22.000000000000004,17.517381966584825
2018,Storm,summer,3.57627868652344e-7,2.38418579101562e-7,4.76837158203125e-7,136371.6814159292,-21.415037499278842,-22.000000000000004,-21,17.05718456364905
2018,Storm,summer,7.15255737304688e-7,4.76837158203125e-7,9.5367431640625e-7,10884.955752212392,-20.415037499278842,-21,-20,13.410047922473503
2018,Storm,summer,1.43051147460938e-6,9.5367431640625e-7,1.9073486328125e-6,33982.30088495575,-19.41503749927884,-20,-19,15.052495917855417
2018,Storm,summer,2.86102294921875e-6,1.9073486328125e-6,3.814697265625e-6,215073.74631268438,-18.415037499278842,-19,-18,17.714471902609525
2018,Storm,summer,5.7220458984375e-6,3.814697265625e-6,7.62939453125e-6,92389.38053097346,-17.415037499278842,-18,-17,16.495439413704148
2018,Storm,summer,9.1552734375e-5,6.103515625e-5,1.220703125e-4,43.47826087,-13.415037499278844,-14,-13,5.4422223286195015
2018,Storm,summer,3.662109375e-4,2.44140625e-4,4.8828125e-4,86.95652174,-11.415037499278844,-12,-11,6.4422223286195015
2018,Storm,summer,7.32421875e-4,4.8828125e-4,9.765625e-4,2304.34782619,-10.415037499278844,-11,-10,11.170142783232786
2018,Storm,summer,0.00146484375,9.765625e-4,0.001953125,130.43478259333335,-9.415037499278844,-10,-9,7.0271848291563135
2018,Storm,summer,0.0029296875,0.001953125,0.00390625,245.92391304822917,-8.415037499278844,-9,-8,7.942068215716151
2018,Storm,summer,0.0234375,0.015625,0.03125,43.47826087,-5.415037499278844,-6,-5,5.4422223286195015
2018,South.Twin,spring,1.39698386192322e-9,9.31322574615479e-10,1.86264514923096e-9,947256.6371681417,-29.415037499278842,-30,-28.999999999999996,19.853395817775723
2018,South.Twin,spring,4.4703483581543e-8,2.98023223876953e-8,5.96046447753906e-8,108849.55752212388,-24.415037499278842,-25,-24,16.731976017360864
2018,South.Twin,spring,1.78813934326172e-7,1.19209289550781e-7,2.38418579101562e-7,301238.9380530974,-22.415037499278842,-23.000000000000004,-22.000000000000004,18.200548738820224
2018,South.Twin,spring,3.57627868652344e-7,2.38418579101562e-7,4.76837158203125e-7,50442.4778761062,-21.415037499278842,-22.000000000000004,-21,15.622351526186366
2018,South.Twin,spring,7.15255737304688e-7,4.76837158203125e-7,9.5367431640625e-7,551659.2920353983,-20.415037499278842,-21,-20,19.07341799968674
2018,South.Twin,spring,1.43051147460938e-6,9.5367431640625e-7,1.9073486328125e-6,193628.3185840708,-19.41503749927884,-20,-19,17.56293043992682
2018,South.Twin,spring,2.86102294921875e-6,1.9073486328125e-6,3.814697265625e-6,163716.81415929206,-18.415037499278842,-19,-18,17.320842972537935
2018,South.Twin,spring,5.7220458984375e-6,3.814697265625e-6,7.62939453125e-6,43008.849557522124,-17.415037499278842,-18,-17,15.392345920740043
2018,South.Twin,summer,1.39698386192322e-9,9.31322574615479e-10,1.86264514923096e-9,26283.185840707964,-29.415037499278842,-30,-28.999999999999996,14.681852537935027
2018,South.Twin,summer,2.79396772384644e-9,1.86264514923096e-9,3.72529029846191e-9,181061.94690265486,-28.415037499278842,-28.999999999999996,-28,17.46612384687959
2018,South.Twin,summer,2.23517417907715e-8,1.49011611938477e-8,2.98023223876953e-8,28584.07079646018,-25.415037499278842,-25.999999999999996,-25,14.802923771828187
2018,South.Twin,summer,4.4703483581543e-8,2.98023223876953e-8,5.96046447753906e-8,81792.0353982301,-24.415037499278842,-25,-24,16.319672745321505
2018,South.Twin,summer,8.94069671630859e-8,5.96046447753906e-8,1.19209289550781e-7,199115.04424778762,-23.415037499278846,-24,-23.000000000000004,17.60324270323866
2018,South.Twin,summer,1.78813934326172e-7,1.19209289550781e-7,2.38418579101562e-7,205752.21238938058,-22.415037499278842,-23.000000000000004,-22.000000000000004,17.650548418017017
2018,South.Twin,summer,3.57627868652344e-7,2.38418579101562e-7,4.76837158203125e-7,95575.22123893807,-21.415037499278842,-22.000000000000004,-21,16.544349014185094
2018,South.Twin,summer,7.15255737304688e-7,4.76837158203125e-7,9.5367431640625e-7,155823.00884955755,-20.415037499278842,-21,-20,17.249548752138455
2018,South.Twin,summer,1.43051147460938e-6,9.5367431640625e-7,1.9073486328125e-6,66924.77876106196,-19.41503749927884,-20,-19,16.030252844183583
2018,South.Twin,summer,2.86102294921875e-6,1.9073486328125e-6,3.814697265625e-6,26135.693215339234,-18.415037499278842,-19,-18,14.673733804968125
2018,South.Twin,summer,5.7220458984375e-6,3.814697265625e-6,7.62939453125e-6,16460.176991150445,-17.415037499278842,-18,-17,14.006692228242294
2018,South.Twin,summer,4.57763671875e-5,3.0517578125e-5,6.103515625e-5,206.5217391275,-14.415037499278844,-15,-14,7.690149842028158
2018,South.Twin,summer,9.1552734375e-5,6.103515625e-5,1.220703125e-4,86.95652174,-13.415037499278844,-14,-13,6.4422223286195015
2018,South.Twin,summer,3.662109375e-4,2.44140625e-4,4.8828125e-4,167.70186335857142,-11.415037499278844,-12,-11,7.389754908749945
2018,South.Twin,summer,0.00146484375,9.765625e-4,0.001953125,95.65217391,-9.415037499278844,-10,-9,6.579725852309105
2019,Blue,spring,2.79396772384644e-9,1.86264514923096e-9,3.72529029846191e-9,99115.04424778763,-28.415037499278842,-28.999999999999996,-28,16.59681643407923
2019,Blue,spring,1.78813934326172e-7,1.19209289550781e-7,2.38418579101562e-7,94159.29203539823,-22.415037499278842,-23.000000000000004,-22.000000000000004,16.52281585263545
2019,Blue,spring,7.15255737304688e-7,4.76837158203125e-7,9.5367431640625e-7,109026.54867256636,-20.415037499278842,-21,-20,16.734319957829165
2019,Blue,spring,1.43051147460938e-6,9.5367431640625e-7,1.9073486328125e-6,79292.03539823009,-19.41503749927884,-20,-19,16.274888339191865
2019,Blue,summer,1.39698386192322e-9,9.31322574615479e-10,1.86264514923096e-9,180398.23008849556,-29.415037499278842,-30,-28.999999999999996,17.46082565862281
2019,Blue,summer,4.4703483581543e-8,2.98023223876953e-8,5.96046447753906e-8,32212.389380530974,-24.415037499278842,-25,-24,14.975328057332957
2019,Blue,summer,8.94069671630859e-8,5.96046447753906e-8,1.19209289550781e-7,239292.03539823007,-23.415037499278846,-24,-23.000000000000004,17.868412853416444
2019,Blue,summer,1.78813934326172e-7,1.19209289550781e-7,2.38418579101562e-7,40884.95575221239,-22.415037499278842,-23.000000000000004,-22.000000000000004,15.319282458550319
2019,Blue,summer,7.15255737304688e-7,4.76837158203125e-7,9.5367431640625e-7,134454.2772861357,-20.415037499278842,-21,-20,17.0367561256784
2019,Blue,summer,1.43051147460938e-6,9.5367431640625e-7,1.9073486328125e-6,64070.796460177,-19.41503749927884,-20,-19,15.967379304217467
2019,Blue,summer,2.86102294921875e-6,1.9073486328125e-6,3.814697265625e-6,109513.27433628318,-18.415037499278842,-19,-18,16.740746226988595
2019,Blue,summer,5.7220458984375e-6,3.814697265625e-6,7.62939453125e-6,91858.40707964601,-17.415037499278842,-18,-17,16.487124145492142
2019,Blue,summer,4.57763671875e-5,3.0517578125e-5,6.103515625e-5,149.03846156,-14.415037499278844,-15,-14,7.219540877116363
2019,Blue,summer,9.1552734375e-5,6.103515625e-5,1.220703125e-4,19.23076923,-13.415037499278844,-14,-13,4.265344566463287
2019,Blue,summer,7.32421875e-4,4.8828125e-4,9.765625e-4,16.025641025,-10.415037499278844,-11,-10,4.002310160629493
2019,Blue,summer,0.00146484375,9.765625e-4,0.001953125,28.84615385,-9.415037499278844,-10,-9,4.85030706743451
2019,Blue,summer,0.005859375,0.00390625,0.0078125,22.435897435,-7.415037499278844,-8,-7,4.487736987799735
2019,Blue,summer,0.046875,0.03125,0.0625,9.615384615,-4.415037499278844,-5,-4,3.265344566463287
2019,Center,spring,5.58793544769287e-9,3.72529029846191e-9,7.45058059692383e-9,7876.1061946902655,-27.415037499278846,-28,-27,12.94326684810066
2019,Center,spring,1.11758708953857e-8,7.45058059692383e-9,1.49011611938477e-8,26548.672566371686,-26.41503749927885,-27,-25.999999999999996,14.696352107630142
2019,Center,spring,1.78813934326172e-7,1.19209289550781e-7,2.38418579101562e-7,137168.14159292035,-22.415037499278842,-23.000000000000004,-22.000000000000004,17.065585917295863
2019,Center,spring,3.57627868652344e-7,2.38418579101562e-7,4.76837158203125e-7,94513.2743362832,-21.415037499278842,-22.000000000000004,-21,16.528229348821817
2019,Center,spring,7.15255737304688e-7,4.76837158203125e-7,9.5367431640625e-7,37123.89380530973,-20.415037499278842,-21,-20,15.180060417574085
2019,Center,spring,2.86102294921875e-6,1.9073486328125e-6,3.814697265625e-6,65907.0796460177,-18.415037499278842,-19,-18,16.008145825383792
2019,Center,spring,5.7220458984375e-6,3.814697265625e-6,7.62939453125e-6,65154.867256637175,-17.415037499278842,-18,-17,15.991585335852085
2019,Center,spring,1.1444091796875e-5,7.62939453125e-6,1.52587890625e-5,74823.00884955752,-16.415037499278842,-17,-16,16.191194361544245
2019,Center,summer,1.39698386192322e-9,9.31322574615479e-10,1.86264514923096e-9,95575.22123893806,-29.415037499278842,-30,-28.999999999999996,16.544349014185094
2019,Center,summer,2.79396772384644e-9,1.86264514923096e-9,3.72529029846191e-9,132300.88495575223,-28.415037499278842,-28.999999999999996,-28,17.01346318621973
2019,Center,summer,1.11758708953857e-8,7.45058059692383e-9,1.49011611938477e-8,77654.86725663717,-26.41503749927885,-27,-25.999999999999996,16.244788732326185
2019,Center,summer,1.78813934326172e-7,1.19209289550781e-7,2.38418579101562e-7,67134.9557522124,-22.415037499278842,-23.000000000000004,-22.000000000000004,16.0347765224137
2019,Center,summer,7.15255737304688e-7,4.76837158203125e-7,9.5367431640625e-7,5752.212389380531,-20.415037499278842,-21,-20,12.489901230162717
2019,Center,summer,1.43051147460938e-6,9.5367431640625e-7,1.9073486328125e-6,20696.90265486726,-19.41503749927884,-20,-19,14.337127260375047
2019,Center,summer,2.86102294921875e-6,1.9073486328125e-6,3.814697265625e-6,9955.752212389381,-18.415037499278842,-19,-18,13.281314608351298
2019,Center,summer,5.7220458984375e-6,3.814697265625e-6,7.62939453125e-6,29469.026548672566,-17.415037499278842,-18,-17,14.846911784205524
2019,Center,summer,1.1444091796875e-5,7.62939453125e-6,1.52587890625e-5,26194.690265486726,-16.415037499278842,-17,-16,14.676986782763212
2019,Center,summer,2.288818359375e-5,1.52587890625e-5,3.0517578125e-5,12.019232307500001,-15.415037499278844,-16,-15,3.5872728460502277
2019,Center,summer,3.662109375e-4,2.44140625e-4,4.8828125e-4,10.0160253845,-11.415037499278844,-12,-11,3.32423821862495
2019,Center,summer,7.32421875e-4,4.8828125e-4,9.765625e-4,43.269228845,-10.415037499278844,-11,-10,5.4352695038050545
2019,Center,summer,0.01171875,0.0078125,0.015625,216.34616666666668,-6.415037499278844,-7,-6,7.757197748343707
2019,Five.Island,spring,1.39698386192322e-9,9.31322574615479e-10,1.86264514923096e-9,716548.6725663717,-29.415037499278842,-30,-28.999999999999996,19.45070517932227
2019,Five.Island,spring,4.4703483581543e-8,2.98023223876953e-8,5.96046447753906e-8,163716.81415929206,-24.415037499278842,-25,-24,17.320842972537935
2019,Five.Island,spring,1.78813934326172e-7,1.19209289550781e-7,2.38418579101562e-7,98230.08849557521,-22.415037499278842,-23.000000000000004,-22.000000000000004,16.58387737837173
2019,Five.Island,spring,2.86102294921875e-6,1.9073486328125e-6,3.814697265625e-6,40176.99115044248,-18.415037499278842,-19,-18,15.294081904425177
2019,Five.Island,spring,5.7220458984375e-6,3.814697265625e-6,7.62939453125e-6,70088.49557522124,-17.415037499278842,-18,-17,16.09689003721387
2019,Five.Island,summer,1.39698386192322e-9,9.31322574615479e-10,1.86264514923096e-9,170088.49557522126,-29.415037499278842,-30,-28.999999999999996,17.375926037908012
2019,Five.Island,summer,2.79396772384644e-9,1.86264514923096e-9,3.72529029846191e-9,110442.47787610619,-28.415037499278842,-28.999999999999996,-28,16.75293563599651
2019,Five.Island,summer,5.58793544769287e-9,3.72529029846191e-9,7.45058059692383e-9,84424.77876106196,-27.415037499278846,-28,-27,16.365378873139772
2019,Five.Island,summer,8.94069671630859e-8,5.96046447753906e-8,1.19209289550781e-7,71327.4336283186,-23.415037499278846,-24,-23.000000000000004,16.12216944566223
2019,Five.Island,summer,1.78813934326172e-7,1.19209289550781e-7,2.38418579101562e-7,217168.14159292038,-22.415037499278842,-23.000000000000004,-22.000000000000004,17.728452950797166
2019,Five.Island,summer,1.43051147460938e-6,9.5367431640625e-7,1.9073486328125e-6,43893.80530973451,-19.41503749927884,-20,-19,15.421729727521138
2019,Five.Island,summer,2.86102294921875e-6,1.9073486328125e-6,3.814697265625e-6,188075.22123893807,-18.415037499278842,-19,-18,17.520950261891763
2019,Five.Island,summer,5.7220458984375e-6,3.814697265625e-6,7.62939453125e-6,117566.37168141593,-17.415037499278842,-18,-17,16.84311592962477
2019,Five.Island,summer,3.662109375e-4,2.44140625e-4,4.8828125e-4,60.576923082499995,-11.415037499278844,-12,-11,5.9206963952663685
2019,Five.Island,summer,0.01171875,0.0078125,0.015625,45.673076923749996,-6.415037499278844,-7,-6,5.513272079985841
2019,North.Twin,spring,1.39698386192322e-9,9.31322574615479e-10,1.86264514923096e-9,1727699.115044248,-29.415037499278842,-30,-28.999999999999996,20.720420558220177
2019,North.Twin,spring,4.4703483581543e-8,2.98023223876953e-8,5.96046447753906e-8,20265.486725663715,-24.415037499278842,-25,-24,14.306737205231206
2019,North.Twin,spring,1.78813934326172e-7,1.19209289550781e-7,2.38418579101562e-7,155929.203539823,-22.415037499278842,-23.000000000000004,-22.000000000000004,17.250531626054677
2019,North.Twin,spring,7.15255737304688e-7,4.76837158203125e-7,9.5367431640625e-7,9026.548672566374,-20.415037499278842,-21,-20,13.139958759105758
2019,North.Twin,spring,1.43051147460938e-6,9.5367431640625e-7,1.9073486328125e-6,276165.191740413,-19.41503749927884,-20,-19,18.07517196612506
2019,North.Twin,spring,2.86102294921875e-6,1.9073486328125e-6,3.814697265625e-6,175575.22123893804,-18.415037499278842,-19,-18,17.421729727521136
2019,North.Twin,summer,1.39698386192322e-9,9.31322574615479e-10,1.86264514923096e-9,243893.8053097345,-29.415037499278842,-30,-28.999999999999996,17.895893589838554
2019,North.Twin,summer,2.79396772384644e-9,1.86264514923096e-9,3.72529029846191e-9,47522.123893805314,-28.415037499278842,-28.999999999999996,-28,15.536311695119675
2019,North.Twin,summer,1.11758708953857e-8,7.45058059692383e-9,1.49011611938477e-8,18761.061946902657,-26.41503749927885,-27,-25.999999999999996,14.195453871697461
2019,North.Twin,summer,2.23517417907715e-8,1.49011611938477e-8,2.98023223876953e-8,15663.716814159294,-25.415037499278842,-25.999999999999996,-25,13.93513896721726
2019,North.Twin,summer,3.57627868652344e-7,2.38418579101562e-7,4.76837158203125e-7,118185.8407079646,-21.415037499278842,-22.000000000000004,-21,16.85069767776937
2019,North.Twin,summer,1.43051147460938e-6,9.5367431640625e-7,1.9073486328125e-6,160162.2418879056,-19.41503749927884,-20,-19,17.28917454814098
2019,North.Twin,summer,2.86102294921875e-6,1.9073486328125e-6,3.814697265625e-6,136261.06194690266,-18.415037499278842,-19,-18,17.05601382996402
2019,North.Twin,summer,5.7220458984375e-6,3.814697265625e-6,7.62939453125e-6,54800.88495575222,-17.415037499278842,-18,-17,15.741911570380624
2019,North.Twin,summer,7.32421875e-4,4.8828125e-4,9.765625e-4,376.92307691999997,-10.415037499278844,-11,-10,8.558126315737063
2019,North.Twin,summer,0.0029296875,0.001953125,0.00390625,9.615384615,-8.415037499278844,-9,-8,3.265344566463287
2019,North.Twin,summer,0.005859375,0.00390625,0.0078125,136.21794872416666,-7.415037499278844,-8,-7,7.089773002003395
2019,North.Twin,summer,0.01171875,0.0078125,0.015625,9.615384615,-6.415037499278844,-7,-6,3.265344566463287
2019,Silver,spring,1.39698386192322e-9,9.31322574615479e-10,1.86264514923096e-9,3539.823008849558,-29.415037499278842,-30,-28.999999999999996,11.789461512021624
2019,Silver,spring,1.78813934326172e-7,1.19209289550781e-7,2.38418579101562e-7,5309.734513274336,-22.415037499278842,-23.000000000000004,-22.000000000000004,12.37442401274278
2019,Silver,spring,2.86102294921875e-6,1.9073486328125e-6,3.814697265625e-6,53989.67551622419,-18.415037499278842,-19,-18,15.7203959256098
2019,Silver,spring,5.7220458984375e-6,3.814697265625e-6,7.62939453125e-6,35516.22418879056,-17.415037499278842,-18,-17,15.116190593172808
2019,Silver,summer,8.94069671630859e-8,5.96046447753906e-8,1.19209289550781e-7,18274.33628318584,-23.415037499278846,-24,-23.000000000000004,14.157531388553707
2019,Silver,summer,3.57627868652344e-7,2.38418579101562e-7,4.76837158203125e-7,17353.982300884953,-21.415037499278842,-22.000000000000004,-21,14.082979142439049
2019,Silver,summer,1.43051147460938e-6,9.5367431640625e-7,1.9073486328125e-6,18274.33628318584,-19.41503749927884,-20,-19,14.157531388553707
2019,Silver,summer,2.86102294921875e-6,1.9073486328125e-6,3.814697265625e-6,45890.26548672566,-18.415037499278842,-19,-18,15.485900532677377
2019,Silver,summer,5.7220458984375e-6,3.814697265625e-6,7.62939453125e-6,62654.86725663717,-17.415037499278842,-18,-17,15.93513896721726
2019,Silver,summer,2.288818359375e-5,1.52587890625e-5,3.0517578125e-5,21592.920353982296,-15.415037499278844,-16,-15,14.398270754697148
2019,Silver,summer,9.1552734375e-5,6.103515625e-5,1.220703125e-4,33.653846155,-13.415037499278844,-14,-13,5.0726994886280625
2019,Silver,summer,7.32421875e-4,4.8828125e-4,9.765625e-4,56.490384609749995,-10.415037499278844,-11,-10,5.819933418054731
2019,Silver,summer,0.00146484375,9.765625e-4,0.001953125,19.23076923,-9.415037499278844,-10,-9,4.265344566463287
2019,Silver,summer,0.0029296875,0.001953125,0.00390625,9.615384615,-8.415037499278844,-9,-8,3.265344566463287
2019,Silver,summer,0.005859375,0.00390625,0.0078125,51.923076924,-7.415037499278844,-8,-7,5.698303973822749
2019,Silver,summer,0.0234375,0.015625,0.03125,9.615384615,-5.415037499278844,-6,-5,3.265344566463287
2019,Silver,summer,0.75,0.5,1,269.2307692,-0.4150374992788438,-1,0,8.07269948841372
2019,Storm,spring,1.39698386192322e-9,9.31322574615479e-10,1.86264514923096e-9,14601.769911504427,-29.415037499278842,-30,-28.999999999999996,13.833855631380077
2019,Storm,spring,5.58793544769287e-9,3.72529029846191e-9,7.45058059692383e-9,11725.66371681416,-27.415037499278846,-28,-27,13.517381966584823
2019,Storm,spring,8.94069671630859e-8,5.96046447753906e-8,1.19209289550781e-7,78152.65486725664,-23.415037499278846,-24,-23.000000000000004,16.254007262355564
2019,Storm,spring,7.15255737304688e-7,4.76837158203125e-7,9.5367431640625e-7,9955.75221238938,-20.415037499278842,-21,-20,13.281314608351298
2019,Storm,spring,1.43051147460938e-6,9.5367431640625e-7,1.9073486328125e-6,9380.530973451328,-19.41503749927884,-20,-19,13.195453871697461
2019,Storm,spring,2.86102294921875e-6,1.9073486328125e-6,3.814697265625e-6,34867.25663716814,-18.415037499278842,-19,-18,15.089585236590638
2019,Storm,spring,5.7220458984375e-6,3.814697265625e-6,7.62939453125e-6,57345.13274336284,-17.415037499278842,-18,-17,15.807383420018887
2019,Storm,spring,1.1444091796875e-5,7.62939453125e-6,1.52587890625e-5,4513.274336283185,-16.415037499278842,-17,-16,12.139958759105758
2019,Storm,spring,2.288818359375e-5,1.52587890625e-5,3.0517578125e-5,4513.274336283185,-15.415037499278844,-16,-15,12.139958759105758
2019,Storm,summer,6.98491930961609e-10,4.65661287307739e-10,9.31322574615479e-10,39823.008849557526,-30.415037499278842,-31,-30,15.281314608351298
2019,Storm,summer,1.11758708953857e-8,7.45058059692383e-9,1.49011611938477e-8,10442.477876106193,-26.41503749927885,-27,-25.999999999999996,13.350176466496103
2019,Storm,summer,2.23517417907715e-8,1.49011611938477e-8,2.98023223876953e-8,250619.46902654864,-25.415037499278842,-25.999999999999996,-25,17.93513896721726
2019,Storm,summer,4.4703483581543e-8,2.98023223876953e-8,5.96046447753906e-8,47787.61061946904,-24.415037499278842,-25,-24,15.544349014185093
2019,Storm,summer,1.78813934326172e-7,1.19209289550781e-7,2.38418579101562e-7,74380.53097345133,-22.415037499278842,-23.000000000000004,-22.000000000000004,16.18263742637043
2019,Storm,summer,5.7220458984375e-6,3.814697265625e-6,7.62939453125e-6,7964.6017699115055,-17.415037499278842,-18,-17,12.959386513463937
2019,Storm,summer,3.662109375e-4,2.44140625e-4,4.8828125e-4,141.82692306799999,-11.415037499278844,-12,-11,7.1479876157920685
2019,Storm,summer,0.00146484375,9.765625e-4,0.001953125,48.076923074999996,-9.415037499278844,-10,-9,5.587272661350649
2019,Storm,summer,0.0029296875,0.001953125,0.00390625,57.69230769,-8.415037499278844,-9,-8,5.850307067184443
2019,Storm,summer,0.005859375,0.00390625,0.0078125,19.23076923,-7.415037499278844,-8,-7,4.265344566463287
2019,Storm,summer,0.01171875,0.0078125,0.015625,166.1324786263889,-6.415037499278844,-7,-6,7.3761903351564015
2019,Storm,summer,0.1875,0.125,0.25,115.3846154,-2.415037499278844,-3,-2,6.85030706743451
2019,South.Twin,spring,1.39698386192322e-9,9.31322574615479e-10,1.86264514923096e-9,950663.7168141594,-29.415037499278842,-30,-28.999999999999996,19.858575573795562
2019,South.Twin,spring,2.79396772384644e-9,1.86264514923096e-9,3.72529029846191e-9,60707.96460176992,-28.415037499278842,-28.999999999999996,-28,15.889598183307074
2019,South.Twin,spring,4.4703483581543e-8,2.98023223876953e-8,5.96046447753906e-8,238135.69321533924,-24.415037499278842,-25,-24,17.861424351094715
2019,South.Twin,spring,8.94069671630859e-8,5.96046447753906e-8,1.19209289550781e-7,372168.1415929204,-23.415037499278846,-24,-23.000000000000004,18.505595037267863
2019,South.Twin,spring,1.78813934326172e-7,1.19209289550781e-7,2.38418579101562e-7,54926.25368731564,-22.415037499278842,-23.000000000000004,-22.000000000000004,15.7452082739719
2019,South.Twin,spring,7.15255737304688e-7,4.76837158203125e-7,9.5367431640625e-7,33038.348082595876,-20.415037499278842,-21,-20,15.011853933358072
2019,South.Twin,spring,1.43051147460938e-6,9.5367431640625e-7,1.9073486328125e-6,43362.83185840709,-19.41503749927884,-20,-19,15.404171356136832
2019,South.Twin,spring,2.86102294921875e-6,1.9073486328125e-6,3.814697265625e-6,32389.380530973453,-18.415037499278842,-19,-18,14.983233255418304
2019,South.Twin,spring,5.7220458984375e-6,3.814697265625e-6,7.62939453125e-6,8672.566371681418,-17.415037499278842,-18,-17,13.08224326124947
2019,South.Twin,summer,1.39698386192322e-9,9.31322574615479e-10,1.86264514923096e-9,11681.415929203542,-29.415037499278842,-30,-28.999999999999996,13.511927536492715
2019,South.Twin,summer,2.79396772384644e-9,1.86264514923096e-9,3.72529029846191e-9,100796.46017699115,-28.415037499278842,-28.999999999999996,-28,16.621085448842372
2019,South.Twin,summer,2.23517417907715e-8,1.49011611938477e-8,2.98023223876953e-8,18584.070796460175,-25.415037499278842,-25.999999999999996,-25,14.181778934800384
2019,South.Twin,summer,4.4703483581543e-8,2.98023223876953e-8,5.96046447753906e-8,96747.78761061947,-24.415037499278842,-25,-24,16.56194105021547
2019,South.Twin,summer,8.94069671630859e-8,5.96046447753906e-8,1.19209289550781e-7,248849.55752212388,-23.415037499278846,-24,-23.000000000000004,17.924914296206797
2019,South.Twin,summer,1.78813934326172e-7,1.19209289550781e-7,2.38418579101562e-7,195088.49557522126,-22.415037499278842,-23.000000000000004,-22.000000000000004,17.57376917875001
2019,South.Twin,summer,3.57627868652344e-7,2.38418579101562e-7,4.76837158203125e-7,37699.11504424778,-21.415037499278842,-22.000000000000004,-21,15.2022430373601
2019,South.Twin,summer,7.15255737304688e-7,4.76837158203125e-7,9.5367431640625e-7,58230.088495575226,-20.415037499278842,-21,-20,15.829477190869504
2019,South.Twin,summer,1.43051147460938e-6,9.5367431640625e-7,1.9073486328125e-6,57477.87610619469,-19.41503749927884,-20,-19,15.810719132582143
2019,South.Twin,summer,2.86102294921875e-6,1.9073486328125e-6,3.814697265625e-6,25132.743362831858,-18.415037499278842,-19,-18,14.617280536638944
2019,South.Twin,summer,5.7220458984375e-6,3.814697265625e-6,7.62939453125e-6,13097.345132743363,-17.415037499278842,-18,-17,13.676986782763212
2019,South.Twin,summer,9.1552734375e-5,6.103515625e-5,1.220703125e-4,9.615384615,-13.415037499278844,-14,-13,3.265344566463287
2019,South.Twin,summer,3.662109375e-4,2.44140625e-4,4.8828125e-4,39.423076920999996,-11.415037499278844,-12,-11,5.3009684761757105
2019,South.Twin,summer,0.046875,0.03125,0.0625,28.84615385,-4.415037499278844,-5,-4,4.85030706743451
2020,Blue,summer,2.79396772384644e-9,1.86264514923096e-9,3.72529029846191e-9,121681.41592920353,-28.415037499278842,-28.999999999999996,-28,16.892749320433644
2020,Blue,summer,5.58793544769287e-9,3.72529029846191e-9,7.45058059692383e-9,298584.07079646026,-27.415037499278846,-28,-27,18.187777675421827
2020,Blue,summer,1.11758708953857e-8,7.45058059692383e-9,1.49011611938477e-8,399469.02654867264,-26.41503749927885,-27,-25.999999999999996,18.607724120326097
2020,Blue,summer,2.23517417907715e-8,1.49011611938477e-8,2.98023223876953e-8,18584.070796460182,-25.415037499278842,-25.999999999999996,-25,14.181778934800384
2020,Blue,summer,4.4703483581543e-8,2.98023223876953e-8,5.96046447753906e-8,61327.43362831859,-24.415037499278842,-25,-24,15.904244959271475
2020,Blue,summer,8.94069671630859e-8,5.96046447753906e-8,1.19209289550781e-7,196828.90855457226,-23.415037499278846,-24,-23.000000000000004,17.586582601442434
2020,Blue,summer,1.78813934326172e-7,1.19209289550781e-7,2.38418579101562e-7,255920.3539823009,-22.415037499278842,-23.000000000000004,-22.000000000000004,17.96533536750224
2020,Blue,summer,3.57627868652344e-7,2.38418579101562e-7,4.76837158203125e-7,143982.30088495577,-21.415037499278842,-22.000000000000004,-21,17.13553195280679
2020,Blue,summer,7.15255737304688e-7,4.76837158203125e-7,9.5367431640625e-7,51946.90265486726,-20.415037499278842,-21,-20,15.664750110244315
2020,Blue,summer,1.43051147460938e-6,9.5367431640625e-7,1.9073486328125e-6,184951.729686243,-19.41503749927884,-20,-19,17.496789267183644
2020,Blue,summer,2.86102294921875e-6,1.9073486328125e-6,3.814697265625e-6,74115.04424778762,-18.415037499278842,-19,-18,16.17747879736676
2020,Blue,summer,5.7220458984375e-6,3.814697265625e-6,7.62939453125e-6,87256.6371681416,-17.415037499278842,-18,-17,16.412977253512175
2020,Blue,summer,4.57763671875e-5,3.0517578125e-5,6.103515625e-5,22.435897436666668,-14.415037499278844,-15,-14,4.4877369879069064
2020,Blue,summer,9.1552734375e-5,6.103515625e-5,1.220703125e-4,9.615384615,-13.415037499278844,-14,-13,3.265344566463287
2020,Blue,summer,1.8310546875e-4,1.220703125e-4,2.44140625e-4,28.84615384875,-12.415037499278844,-13,-12,4.850307067371993
2020,Blue,summer,0.005859375,0.00390625,0.0078125,35.6570512825,-7.415037499278844,-8,-7,5.156115496784392
2020,Blue,summer,0.01171875,0.0078125,0.015625,19.23076923,-6.415037499278844,-7,-6,4.265344566463287
2020,Center,spring,2.79396772384644e-9,1.86264514923096e-9,3.72529029846191e-9,1008141.592920354,-28.415037499278842,-28.999999999999996,-28,19.94326684810066
2020,Center,spring,5.58793544769287e-9,3.72529029846191e-9,7.45058059692383e-9,33008.849557522124,-27.415037499278846,-28,-27,15.0105652373895
2020,Center,spring,1.11758708953857e-8,7.45058059692383e-9,1.49011611938477e-8,4424.778761061948,-26.41503749927885,-27,-25.999999999999996,12.111389606908986
2020,Center,spring,2.23517417907715e-8,1.49011611938477e-8,2.98023223876953e-8,16592.920353982307,-25.415037499278842,-25.999999999999996,-25,14.018280202517506
2020,Center,spring,1.78813934326172e-7,1.19209289550781e-7,2.38418579101562e-7,34326.45034414946,-22.415037499278842,-23.000000000000004,-22.000000000000004,15.067033057244704
2020,Center,spring,3.57627868652344e-7,2.38418579101562e-7,4.76837158203125e-7,13215.33923303835,-21.415037499278842,-22.000000000000004,-21,13.68992583847071
2020,Center,spring,7.15255737304688e-7,4.76837158203125e-7,9.5367431640625e-7,1887.9056047197637,-20.415037499278842,-21,-20,10.882570916413105
2020,Center,spring,2.86102294921875e-6,1.9073486328125e-6,3.814697265625e-6,62300.88495575221,-18.415037499278842,-19,-18,15.926965035771559
2020,Center,spring,5.7220458984375e-6,3.814697265625e-6,7.62939453125e-6,22885.939036381515,-17.415037499278842,-18,-17,14.482173868138105
2020,Center,spring,1.1444091796875e-5,7.62939453125e-6,1.52587890625e-5,19911.504424778763,-16.415037499278842,-17,-16,14.281314608351298
2020,Center,summer,1.39698386192322e-9,9.31322574615479e-10,1.86264514923096e-9,284955.7522123894,-29.415037499278842,-30,-28.999999999999996,18.120378390136242
2020,Center,summer,2.23517417907715e-8,1.49011611938477e-8,2.98023223876953e-8,27212.389380530974,-25.415037499278842,-25.999999999999996,-25,14.731976017360864
2020,Center,summer,8.94069671630859e-8,5.96046447753906e-8,1.19209289550781e-7,9734.513274336283,-23.415037499278846,-24,-23.000000000000004,13.24889313065892
2020,Center,summer,1.78813934326172e-7,1.19209289550781e-7,2.38418579101562e-7,92920.35398230089,-22.415037499278842,-23.000000000000004,-22.000000000000004,16.503707029687746
2020,Center,summer,3.57627868652344e-7,2.38418579101562e-7,4.76837158203125e-7,34070.79646017699,-21.415037499278842,-22.000000000000004,-21,15.056248052716526
2020,Center,summer,1.43051147460938e-6,9.5367431640625e-7,1.9073486328125e-6,13274.336283185843,-19.41503749927884,-20,-19,13.696352107630142
2020,Center,summer,5.7220458984375e-6,3.814697265625e-6,7.62939453125e-6,66371.6814159292,-17.415037499278842,-18,-17,16.018280202517506
2020,Center,summer,9.1552734375e-5,6.103515625e-5,1.220703125e-4,9.615384615,-13.415037499278844,-14,-13,3.265344566463287
2020,Center,summer,1.8310546875e-4,1.220703125e-4,2.44140625e-4,40.0641025625,-12.415037499278844,-13,-12,5.324238255516856
2020,Center,summer,3.662109375e-4,2.44140625e-4,4.8828125e-4,12.82051282,-11.415037499278844,-12,-11,3.6803820657421307
2020,Center,summer,0.0029296875,0.001953125,0.00390625,22.435897435,-8.415037499278844,-9,-8,4.487736987799735
2020,Five.Island,spring,2.79396772384644e-9,1.86264514923096e-9,3.72529029846191e-9,167433.62831858406,-28.415037499278842,-28.999999999999996,-28,17.353229790473655
2020,Five.Island,spring,5.58793544769287e-9,3.72529029846191e-9,7.45058059692383e-9,130973.45132743366,-27.415037499278846,-28,-27,16.998914877650574
2020,Five.Island,spring,4.4703483581543e-8,2.98023223876953e-8,5.96046447753906e-8,64380.53097345133,-24.415037499278842,-25,-24,15.974336854929907
2020,Five.Island,spring,1.78813934326172e-7,1.19209289550781e-7,2.38418579101562e-7,61887.90560471977,-22.415037499278842,-23.000000000000004,-22.000000000000004,15.917369878990373
2020,Five.Island,spring,3.57627868652344e-7,2.38418579101562e-7,4.76837158203125e-7,23008.84955752213,-21.415037499278842,-22.000000000000004,-21,14.489901230162717
2020,Five.Island,spring,1.43051147460938e-6,9.5367431640625e-7,1.9073486328125e-6,26991.150442477883,-19.41503749927884,-20,-19,14.720198849584511
2020,Five.Island,spring,2.86102294921875e-6,1.9073486328125e-6,3.814697265625e-6,42817.10914454278,-18.415037499278842,-19,-18,15.385899773039768
2020,Five.Island,spring,5.7220458984375e-6,3.814697265625e-6,7.62939453125e-6,55634.21828908555,-17.415037499278842,-18,-17,15.763684877088203
2020,Five.Island,summer,2.79396772384644e-9,1.86264514923096e-9,3.72529029846191e-9,215044.24778761063,-28.415037499278842,-28.999999999999996,-28,17.714274015627407
2020,Five.Island,summer,5.58793544769287e-9,3.72529029846191e-9,7.45058059692383e-9,195634.21828908555,-27.415037499278846,-28,-27,17.577799207908857
2020,Five.Island,summer,1.11758708953857e-8,7.45058059692383e-9,1.49011611938477e-8,55545.722713864314,-26.41503749927885,-27,-25.999999999999996,15.761388201027334
2020,Five.Island,summer,2.23517417907715e-8,1.49011611938477e-8,2.98023223876953e-8,134314.1592920354,-25.415037499278842,-25.999999999999996,-25,17.035251874985015
2020,Five.Island,summer,4.4703483581543e-8,2.98023223876953e-8,5.96046447753906e-8,9380.530973451327,-24.415037499278842,-25,-24,13.195453871697461
2020,Five.Island,summer,8.94069671630859e-8,5.96046447753906e-8,1.19209289550781e-7,39026.54867256637,-23.415037499278846,-24,-23.000000000000004,15.252168262691782
2020,Five.Island,summer,1.78813934326172e-7,1.19209289550781e-7,2.38418579101562e-7,23451.327433628325,-22.415037499278842,-23.000000000000004,-22.000000000000004,14.517381966584823
2020,Five.Island,summer,3.57627868652344e-7,2.38418579101562e-7,4.76837158203125e-7,47522.123893805314,-21.415037499278842,-22.000000000000004,-21,15.536311695119675
2020,Five.Island,summer,1.43051147460938e-6,9.5367431640625e-7,1.9073486328125e-6,69247.78761061947,-19.41503749927884,-20,-19,16.079480358954243
2020,Five.Island,summer,2.86102294921875e-6,1.9073486328125e-6,3.814697265625e-6,60252.84450063211,-18.415037499278842,-19,-18,15.87874173126693
2020,Five.Island,summer,5.7220458984375e-6,3.814697265625e-6,7.62939453125e-6,61637.16814159293,-17.415037499278842,-18,-17,15.911512959735514
2020,Five.Island,summer,1.1444091796875e-5,7.62939453125e-6,1.52587890625e-5,14159.292035398232,-16.415037499278842,-17,-16,13.789461512021624
2020,Five.Island,summer,9.1552734375e-5,6.103515625e-5,1.220703125e-4,14.4230769225,-13.415037499278844,-14,-13,3.8503070671844433
2020,Five.Island,summer,3.662109375e-4,2.44140625e-4,4.8828125e-4,60.09615385625,-11.415037499278844,-12,-11,5.909200756538092
2020,Five.Island,summer,0.0029296875,0.001953125,0.00390625,9.615384615,-8.415037499278844,-9,-8,3.265344566463287
2020,Five.Island,summer,0.005859375,0.00390625,0.0078125,61.538461534,-7.415037499278844,-8,-7,5.943416471529037
2020,Five.Island,summer,0.01171875,0.0078125,0.015625,9.615384615,-6.415037499278844,-7,-6,3.265344566463287
2020,North.Twin,spring,1.39698386192322e-9,9.31322574615479e-10,1.86264514923096e-9,442477.8761061947,-29.415037499278842,-30,-28.999999999999996,18.75524579668371
2020,North.Twin,spring,2.79396772384644e-9,1.86264514923096e-9,3.72529029846191e-9,752389.3805309735,-28.415037499278842,-28.999999999999996,-28,19.521119960773436
2020,North.Twin,spring,4.4703483581543e-8,2.98023223876953e-8,5.96046447753906e-8,67197.6401179941,-24.415037499278842,-25,-24,16.036122948121218
2020,North.Twin,spring,1.78813934326172e-7,1.19209289550781e-7,2.38418579101562e-7,142477.8761061947,-22.415037499278842,-23.000000000000004,-22.000000000000004,17.120378390136242
2020,North.Twin,spring,3.57627868652344e-7,2.38418579101562e-7,4.76837158203125e-7,287610.61946902657,-21.415037499278842,-22.000000000000004,-21,18.133757419937442
2020,North.Twin,spring,7.15255737304688e-7,4.76837158203125e-7,9.5367431640625e-7,209262.53687315635,-20.415037499278842,-21,-20,17.674954531348295
2020,North.Twin,spring,1.43051147460938e-6,9.5367431640625e-7,1.9073486328125e-6,227522.1238938053,-19.41503749927884,-20,-19,17.79564731196792
2020,North.Twin,spring,5.7220458984375e-6,3.814697265625e-6,7.62939453125e-6,107610.61946902655,-17.415037499278842,-18,-17,16.715460930577848
2020,North.Twin,summer,1.39698386192322e-9,9.31322574615479e-10,1.86264514923096e-9,50218.28908554573,-29.415037499278842,-30,-28.999999999999996,15.615925257026934
2020,North.Twin,summer,2.23517417907715e-8,1.49011611938477e-8,2.98023223876953e-8,12212.389380530974,-25.415037499278842,-25.999999999999996,-25,13.576057873912431
2020,North.Twin,summer,1.78813934326172e-7,1.19209289550781e-7,2.38418579101562e-7,19929.20353982301,-22.415037499278842,-23.000000000000004,-22.000000000000004,14.282596434327129
2020,North.Twin,summer,3.57627868652344e-7,2.38418579101562e-7,4.76837158203125e-7,2002831.8584070792,-21.415037499278842,-22.000000000000004,-21,20.933609878530515
2020,North.Twin,summer,7.15255737304688e-7,4.76837158203125e-7,9.5367431640625e-7,122811.20943952801,-20.415037499278842,-21,-20,16.90608272134006
2020,North.Twin,summer,1.43051147460938e-6,9.5367431640625e-7,1.9073486328125e-6,35103.24483775812,-19.41503749927884,-20,-19,15.099316774608411
2020,North.Twin,summer,2.86102294921875e-6,1.9073486328125e-6,3.814697265625e-6,7929.20353982301,-18.415037499278842,-19,-18,12.952960244304503
2020,North.Twin,summer,4.57763671875e-5,3.0517578125e-5,6.103515625e-5,9.615384615,-14.415037499278844,-15,-14,3.265344566463287
2020,North.Twin,summer,9.1552734375e-5,6.103515625e-5,1.220703125e-4,12.82051282,-13.415037499278844,-14,-13,3.6803820657421307
2020,North.Twin,summer,1.8310546875e-4,1.220703125e-4,2.44140625e-4,53.846153852,-12.415037499278844,-13,-12,5.750771393847872
2020,North.Twin,summer,7.32421875e-4,4.8828125e-4,9.765625e-4,36.538461541,-10.415037499278844,-11,-10,5.191343985177447
2020,Silver,spring,5.58793544769287e-9,3.72529029846191e-9,7.45058059692383e-9,6896.3337547408355,-27.415037499278846,-28,-27,12.751613881400266
2020,Silver,spring,4.4703483581543e-8,2.98023223876953e-8,5.96046447753906e-8,2199.747155499368,-24.415037499278842,-25,-24,11.103121990925386
2020,Silver,spring,1.78813934326172e-7,1.19209289550781e-7,2.38418579101562e-7,28541.40328697851,-22.415037499278842,-23.000000000000004,-22.000000000000004,14.800768648679687
2020,Silver,spring,3.57627868652344e-7,2.38418579101562e-7,4.76837158203125e-7,12035.398230088496,-21.415037499278842,-22.000000000000004,-21,13.554996258384602
2020,Silver,spring,1.43051147460938e-6,9.5367431640625e-7,1.9073486328125e-6,19331.01559207754,-19.41503749927884,-20,-19,14.238629813847945
2020,Silver,spring,5.7220458984375e-6,3.814697265625e-6,7.62939453125e-6,13911.715128529291,-17.415037499278842,-18,-17,13.764012675409957
2020,Silver,spring,1.1444091796875e-5,7.62939453125e-6,1.52587890625e-5,2199.747155499368,-16.415037499278842,-17,-16,11.103121990925386
2020,Silver,spring,2.288818359375e-5,1.52587890625e-5,3.0517578125e-5,13038.348082595876,-15.415037499278844,-16,-15,13.670473475804538
2020,Silver,summer,2.79396772384644e-9,1.86264514923096e-9,3.72529029846191e-9,127876.10619469026,-28.415037499278842,-28.999999999999996,-28,16.964387194522303
2020,Silver,summer,5.58793544769287e-9,3.72529029846191e-9,7.45058059692383e-9,201504.42477876105,-27.415037499278846,-28,-27,17.620451993270883
2020,Silver,summer,2.23517417907715e-8,1.49011611938477e-8,2.98023223876953e-8,73893.80530973451,-25.415037499278842,-25.999999999999996,-25,16.173165804495675
2020,Silver,summer,4.4703483581543e-8,2.98023223876953e-8,5.96046447753906e-8,30088.495575221245,-24.415037499278842,-25,-24,14.876924353271963
2020,Silver,summer,1.78813934326172e-7,1.19209289550781e-7,2.38418579101562e-7,159882.00589970505,-22.415037499278842,-23.000000000000004,-22.000000000000004,17.28664805265434
2020,Silver,summer,3.57627868652344e-7,2.38418579101562e-7,4.76837158203125e-7,19889.380530973456,-21.415037499278842,-22.000000000000004,-21,14.279710722648709
2020,Silver,summer,7.15255737304688e-7,4.76837158203125e-7,9.5367431640625e-7,91592.92035398232,-20.415037499278842,-21,-20,16.48294846952095
2020,Silver,summer,1.43051147460938e-6,9.5367431640625e-7,1.9073486328125e-6,20643.173198482935,-19.41503749927884,-20,-19,14.333377133539443
2020,Silver,summer,2.86102294921875e-6,1.9073486328125e-6,3.814697265625e-6,32581.1209439528,-18.415037499278842,-19,-18,14.99174861976838
2020,Silver,summer,5.7220458984375e-6,3.814697265625e-6,7.62939453125e-6,42718.0783817952,-17.415037499278842,-18,-17,15.382559130240459
2020,Silver,summer,1.8310546875e-4,1.220703125e-4,2.44140625e-4,87.820512811,-12.415037499278844,-13,-12,6.456486053716729
2020,Silver,summer,7.32421875e-4,4.8828125e-4,9.765625e-4,34.61538462,-10.415037499278844,-11,-10,5.113341473268305
2020,Silver,summer,0.00146484375,9.765625e-4,0.001953125,7.692307693,-9.415037499278844,-10,-9,2.943416471763475
2020,Silver,summer,0.0029296875,0.001953125,0.00390625,11.53846154,-8.415037499278844,-9,-8,3.528378972547148
2020,Silver,summer,0.0234375,0.015625,0.03125,17.307692308,-5.415037499278844,-6,-5,4.113341473101593
2020,Storm,spring,1.39698386192322e-9,9.31322574615479e-10,1.86264514923096e-9,16483.26279338207,-29.415037499278842,-30,-28.999999999999996,14.008714225827505
2020,Storm,spring,5.58793544769287e-9,3.72529029846191e-9,7.45058059692383e-9,11150.442477876106,-27.415037499278846,-28,-27,13.444813340634179
2020,Storm,spring,2.23517417907715e-8,1.49011611938477e-8,2.98023223876953e-8,5191.740412979352,-25.415037499278842,-25.999999999999996,-25,12.342002535050403
2020,Storm,spring,1.78813934326172e-7,1.19209289550781e-7,2.38418579101562e-7,14615.3007567013,-22.415037499278842,-23.000000000000004,-22.000000000000004,13.835191897077747
2020,Storm,spring,7.15255737304688e-7,4.76837158203125e-7,9.5367431640625e-7,24724.894190073108,-20.415037499278842,-21,-20,14.593676726548662
2020,Storm,spring,1.43051147460938e-6,9.5367431640625e-7,1.9073486328125e-6,11146.017699115047,-19.41503749927884,-20,-19,13.444240728981141
2020,Storm,spring,2.86102294921875e-6,1.9073486328125e-6,3.814697265625e-6,23726.689752468905,-18.415037499278842,-19,-18,14.53422321540272
2020,Storm,spring,5.7220458984375e-6,3.814697265625e-6,7.62939453125e-6,6257.983839938438,-17.415037499278842,-18,-17,12.611482217758216
2020,Storm,spring,1.1444091796875e-5,7.62939453125e-6,1.52587890625e-5,4274.336283185841,-16.415037499278842,-17,-16,12.061484701082673
2020,Storm,spring,2.288818359375e-5,1.52587890625e-5,3.0517578125e-5,5973.451327433627,-15.415037499278844,-16,-15,12.544349014185093
2020,Storm,summer,1.39698386192322e-9,9.31322574615479e-10,1.86264514923096e-9,53663.71681415929,-29.415037499278842,-30,-28.999999999999996,15.711659360417991
2020,Storm,summer,5.58793544769287e-9,3.72529029846191e-9,7.45058059692383e-9,39159.29203539823,-27.415037499278846,-28,-27,15.257067062104621
2020,Storm,summer,2.23517417907715e-8,1.49011611938477e-8,2.98023223876953e-8,52421.82890855458,-25.415037499278842,-25.999999999999996,-25,15.677880067272895
2020,Storm,summer,4.4703483581543e-8,2.98023223876953e-8,5.96046447753906e-8,36548.672566371686,-24.415037499278842,-25,-24,15.157531388553707
2020,Storm,summer,1.78813934326172e-7,1.19209289550781e-7,2.38418579101562e-7,37112.09439528023,-22.415037499278842,-23.000000000000004,-22.000000000000004,15.179601800375313
2020,Storm,summer,7.15255737304688e-7,4.76837158203125e-7,9.5367431640625e-7,5309.734513274337,-20.415037499278842,-21,-20,12.37442401274278
2020,Storm,summer,2.86102294921875e-6,1.9073486328125e-6,3.814697265625e-6,14396.755162241887,-18.415037499278842,-19,-18,13.813456063518755
2020,Storm,summer,3.662109375e-4,2.44140625e-4,4.8828125e-4,199.51923079,-11.415037499278844,-12,-11,7.640383998018099
2020,Storm,summer,7.32421875e-4,4.8828125e-4,9.765625e-4,6.41025641,-10.415037499278844,-11,-10,2.6803820657421307
2020,Storm,summer,0.00146484375,9.765625e-4,0.001953125,56.089743585,-9.415037499278844,-10,-9,5.809665082622795
2020,Storm,summer,0.005859375,0.00390625,0.0078125,31.85096154,-7.415037499278844,-8,-7,4.993265021153879
2020,Storm,summer,0.09375,0.0625,0.125,294.8717949,-3.415037499278844,-4,-3,8.203944021994849
2020,South.Twin,spring,1.39698386192322e-9,9.31322574615479e-10,1.86264514923096e-9,30265.48672566372,-29.415037499278842,-30,-28.999999999999996,14.88538593202016
2020,South.Twin,spring,5.58793544769287e-9,3.72529029846191e-9,7.45058059692383e-9,181415.92920353985,-27.415037499278846,-28,-27,17.46894161152707
2020,South.Twin,spring,1.11758708953857e-8,7.45058059692383e-9,1.49011611938477e-8,26548.672566371686,-26.41503749927885,-27,-25.999999999999996,14.696352107630142
2020,South.Twin,spring,2.23517417907715e-8,1.49011611938477e-8,2.98023223876953e-8,110973.45132743364,-25.415037499278842,-25.999999999999996,-25,16.759855049936302
2020,South.Twin,spring,4.4703483581543e-8,2.98023223876953e-8,5.96046447753906e-8,141592.9203539823,-24.415037499278842,-25,-24,17.111389606908986
2020,South.Twin,spring,1.78813934326172e-7,1.19209289550781e-7,2.38418579101562e-7,128318.58407079648,-22.415037499278842,-23.000000000000004,-22.000000000000004,16.96937060203656
2020,South.Twin,spring,3.57627868652344e-7,2.38418579101562e-7,4.76837158203125e-7,100884.95575221241,-21.415037499278842,-22.000000000000004,-21,16.622351526186367
2020,South.Twin,spring,7.15255737304688e-7,4.76837158203125e-7,9.5367431640625e-7,70000,-20.415037499278842,-21,-20,16.095067301607052
2020,South.Twin,spring,1.43051147460938e-6,9.5367431640625e-7,1.9073486328125e-6,197743.3628318584,-19.41503749927884,-20,-19,17.593269746529273
2020,South.Twin,spring,2.86102294921875e-6,1.9073486328125e-6,3.814697265625e-6,40353.982300884956,-18.415037499278842,-19,-18,15.300423431299004
2020,South.Twin,spring,5.7220458984375e-6,3.814697265625e-6,7.62939453125e-6,20840.707964601774,-17.415037499278842,-18,-17,14.347116666747045
2020,South.Twin,summer,1.78813934326172e-7,1.19209289550781e-7,2.38418579101562e-7,40353.98230088496,-22.415037499278842,-23.000000000000004,-22.000000000000004,15.300423431299004
2020,South.Twin,summer,3.57627868652344e-7,2.38418579101562e-7,4.76837158203125e-7,66902.65486725664,-21.415037499278842,-22.000000000000004,-21,16.029775841355335
2020,South.Twin,summer,1.43051147460938e-6,9.5367431640625e-7,1.9073486328125e-6,4247.78761061947,-19.41503749927884,-20,-19,12.052495917855419
2020,South.Twin,summer,2.86102294921875e-6,1.9073486328125e-6,3.814697265625e-6,6371.681415929205,-18.415037499278842,-19,-18,12.637458418576575
2020,South.Twin,summer,5.7220458984375e-6,3.814697265625e-6,7.62939453125e-6,14867.256637168144,-17.415037499278842,-18,-17,13.859850839913022
2020,South.Twin,summer,9.1552734375e-5,6.103515625e-5,1.220703125e-4,8.0128205125,-13.415037499278844,-14,-13,3.0023101606294933
2020,South.Twin,summer,3.662109375e-4,2.44140625e-4,4.8828125e-4,50.48076923,-11.415037499278844,-12,-11,5.657661989277771
2020,South.Twin,summer,0.00146484375,9.765625e-4,0.001953125,48.07692308,-9.415037499278844,-10,-9,5.587272661500689
