lake,year,season,doy,taxon,group,biomass_g,density.areal,type
105,2018,spring,136,Daphnia,Daphnia,3.3240893536910445e-6,148672.56637168146,zoop
105,2018,spring,136,Calanoida,Calanoid,3.7482874539261105e-6,21681.415929203544,zoop
105,2018,spring,136,Cyclopoida,Cyclopoid,1.8701881024393026e-6,58849.5575221239,zoop
105,2018,spring,136,Nauplii,Nauplii,1.3496480909884325e-7,105309.73451327436,zoop
105,2018,spring,136,Keratella.quadrata,Rotifer,1.3607797603949998e-7,6194.690265486728,zoop
105,2018,spring,151,Daphnia,Daphnia,1.582840706742463e-6,50442.477876106204,zoop
105,2018,spring,151,Calanoida,Calanoid,3.554350766006994e-6,25221.238938053102,zoop
105,2018,spring,151,Cyclopoida,Cyclopoid,4.426065122609539e-7,15132.743362831861,zoop
105,2018,spring,151,Nauplii,Nauplii,1.6217092099499918e-7,70619.46902654869,zoop
105,2018,spring,151,Keratella.cochlearis,Rotifer,1.8212381946666668e-9,7566.371681415931,zoop
105,2018,spring,151,Pompholyx,Rotifer,1.9536289500000002e-7,5044.2477876106195,zoop
105,2018,spring,164,Daphnia,Daphnia,2.6439328867196463e-6,6902.654867256638,zoop
105,2018,spring,164,Calanoida,Calanoid,3.850833045130348e-6,103539.82300884956,zoop
105,2018,spring,164,Cyclopoida,Cyclopoid,7.49367114898867e-7,34513.27433628319,zoop
105,2018,spring,164,Nauplii,Nauplii,1.6333276839845235e-7,110442.4778761062,zoop
105,2018,spring,178,Daphnia,Daphnia,5.900547583046778e-6,6769.911504424781,zoop
105,2018,spring,178,Calanoida,Calanoid,5.19054674002716e-6,35353.98230088496,zoop
105,2018,spring,178,Nauplii,Nauplii,1.779623005459494e-7,9026.548672566374,zoop
105,2018,summer,192,Daphnia,Daphnia,1.561100364087005e-5,16371.681415929203,zoop
105,2018,summer,192,Calanoida,Calanoid,2.6041640517554925e-6,52389.38053097345,zoop
105,2018,summer,192,Cyclopoida,Cyclopoid,4.0289845076362495e-7,6548.672566371682,zoop
105,2018,summer,192,Nauplii,Nauplii,2.1116147748242855e-7,65486.72566371681,zoop
105,2018,summer,192,Keratella.cochlearis,Rotifer,2.348262891e-9,3274.336283185841,zoop
105,2018,summer,192,Pompholyx,Rotifer,2.1310937512500006e-8,3274.336283185841,zoop
105,2018,summer,206,Daphnia,Daphnia,8.569271363875009e-6,49144.542772861365,zoop
105,2018,summer,206,Calanoida,Calanoid,3.1860616557354705e-6,46253.687315634226,zoop
105,2018,summer,206,Cyclopoida,Cyclopoid,8.750477707468134e-7,2890.855457227139,zoop
105,2018,summer,220,Daphnia,Daphnia,1.1329291129512632e-5,18879.056047197646,zoop
105,2018,summer,220,Calanoida,Calanoid,4.008898365281838e-6,63716.81415929205,zoop
105,2018,summer,220,Cyclopoida,Cyclopoid,1.1860948506413487e-6,7079.646017699117,zoop
105,2018,summer,220,Nauplii,Nauplii,1.1739059280052172e-7,37758.11209439529,zoop
105,2019,spring,155,Daphnia,Daphnia,2.2540675707957972e-6,84985.25073746312,zoop
105,2019,spring,155,Calanoida,Calanoid,5.457520544245872e-6,35516.22418879056,zoop
105,2019,spring,169,Daphnia,Daphnia,3.5903224098722597e-6,23008.849557522124,zoop
105,2019,spring,169,Calanoida,Calanoid,2.912850013255662e-6,104424.77876106194,zoop
105,2019,spring,169,Cyclopoida,Cyclopoid,2.2272635186990553e-6,3539.823008849558,zoop
105,2019,spring,169,Nauplii,Nauplii,1.4014916274500592e-7,5309.734513274336,zoop
105,2019,spring,169,Keratella.cochlearis,Rotifer,1.3199131730000001e-9,3539.823008849558,zoop
105,2019,summer,191,Daphnia,Daphnia,2.129958555320578e-5,21592.920353982296,zoop
105,2019,summer,191,Calanoida,Calanoid,2.905953193778659e-6,80973.45132743362,zoop
105,2019,summer,191,Nauplii,Nauplii,3.333989653378761e-7,5398.230088495574,zoop
105,2019,summer,205,Daphnia,Daphnia,3.312269016632273e-6,21982.30088495575,zoop
105,2019,summer,205,Calanoida,Calanoid,2.8031054742919075e-6,51292.03539823009,zoop
105,2019,summer,205,Cyclopoida,Cyclopoid,2.164146215872345e-6,7327.433628318583,zoop
105,2019,summer,205,Nauplii,Nauplii,4.2173308737946513e-7,29309.734513274332,zoop
105,2019,summer,219,Ceriodaphnia,Ceriodaphnia,1.3396777376486488e-6,18274.33628318584,zoop
105,2019,summer,219,Daphnia,Daphnia,5.9581077050060885e-6,62654.86725663717,zoop
105,2019,summer,219,Calanoida,Calanoid,3.4004962693715953e-6,67876.10619469026,zoop
105,2019,summer,219,Nauplii,Nauplii,1.1019639460774332e-7,18274.33628318584,zoop
105,2020,spring,149,Daphnia,Daphnia,1.0965057011541158e-5,2199.747155499368,zoop
105,2020,spring,149,Calanoida,Calanoid,4.26707129481265e-6,8065.739570164349,zoop
105,2020,spring,149,Cyclopoida,Cyclopoid,1.2384450974526676e-6,1466.4981036662452,zoop
105,2020,spring,149,Nauplii,Nauplii,1.9272888321768197e-7,26396.965865992413,zoop
105,2020,spring,149,Brachionus,Rotifer,3.3635153664e-8,2199.747155499368,zoop
105,2020,spring,149,Keratella.cochlearis,Rotifer,3.817165085600001e-9,7332.490518331228,zoop
105,2020,spring,161,Daphnia,Daphnia,4.338140941832731e-6,6460.176991150443,zoop
105,2020,spring,161,Calanoida,Calanoid,1.7632120920515715e-6,40376.10619469027,zoop
105,2020,spring,161,Cyclopoida,Cyclopoid,1.4017180274282748e-6,16150.442477876106,zoop
105,2020,spring,161,Nauplii,Nauplii,2.1114875043440482e-7,30685.84070796461,zoop
105,2020,spring,161,Keratella.cochlearis,Rotifer,4.1188824185e-9,6460.176991150443,zoop
105,2020,spring,178,Daphnia,Daphnia,1.7462478265081154e-5,13038.348082595876,zoop
105,2020,spring,178,Calanoida,Calanoid,5.934389065011441e-6,20058.9970501475,zoop
105,2020,spring,178,Cyclopoida,Cyclopoid,6.529812370156268e-6,21061.946902654872,zoop
105,2020,spring,178,Nauplii,Nauplii,2.600754760042205e-7,12035.398230088496,zoop
105,2020,summer,189,Daphnia,Daphnia,1.459978505515925e-6,23849.557522123894,zoop
105,2020,summer,189,Calanoida,Calanoid,2.2535236887031734e-6,15899.705014749263,zoop
105,2020,summer,189,Nauplii,Nauplii,3.385503652580393e-7,2168.1415929203545,zoop
105,2020,summer,202,Chydorus,Chydorid,1.3222996527461425e-6,8900.126422250316,zoop
105,2020,summer,202,Daphnia,Daphnia,3.862351174235923e-6,2225.031605562579,zoop
105,2020,summer,202,Calanoida,Calanoid,2.968092360110485e-6,23362.831858407077,zoop
105,2020,summer,202,Cyclopoida,Cyclopoid,2.1009857367796606e-6,23362.831858407077,zoop
105,2020,summer,202,Nauplii,Nauplii,2.3478870203341379e-7,7787.610619469027,zoop
105,2020,summer,213,Chydorus,Chydorid,8.716203523264886e-7,91592.92035398232,zoop
105,2020,summer,213,Calanoida,Calanoid,4.190308563846606e-6,73274.33628318585,zoop
105,2020,summer,213,Cyclopoida,Cyclopoid,1.381338407849148e-6,12212.389380530974,zoop
105,2020,summer,213,Nauplii,Nauplii,1.5014454316706262e-7,170973.45132743366,zoop
105,2020,summer,213,Brachionus,Rotifer,1.8815549635199996e-8,61061.94690265486,zoop
105,2020,summer,213,Filinia,Rotifer,1.83952649023e-8,91592.92035398232,zoop
105,2020,summer,213,Keratella.cochlearis,Rotifer,3.965911865599999e-9,201504.42477876105,zoop
105,2020,summer,224,Chydorus,Chydorid,1.4923508103605696e-6,37610.619469026555,zoop
105,2020,summer,224,Calanoida,Calanoid,5.502306764887221e-6,52654.867256637175,zoop
105,2020,summer,224,Cyclopoida,Cyclopoid,2.1412266449703034e-6,67699.11504424778,zoop
105,2020,summer,224,Nauplii,Nauplii,1.5142513077372208e-7,300884.95575221244,zoop
105,2020,summer,224,Asplanchna,Rotifer,4.3591385677928397e-7,37610.619469026555,zoop
105,2020,summer,224,Brachionus,Rotifer,2.5210474535999998e-8,75221.23893805311,zoop
105,2020,summer,224,Filinia,Rotifer,2.4496502446288886e-8,67699.11504424778,zoop
105,2020,summer,224,Keratella.cochlearis,Rotifer,3.477337438117647e-9,127876.10619469026,zoop
105,2020,summer,224,Polyarthra,Rotifer,4.835036280200001e-8,30088.495575221245,zoop
105,2018,summer,200,Bivalvia,Bivalvia,4.79495813553943e-4,65.217391305,miv
105,2018,summer,200,Ceratopogonidae,Diptera,8.200836943102255e-4,86.956521735,miv
105,2018,summer,200,Chironomidae,Chironomidae,3.173560987987872e-4,449.27536232222224,miv
105,2018,summer,200,Corbiculidae,Bivalvia,2.0496115476784674e-4,173.9130435,miv
105,2018,summer,200,Diptera,Diptera,0.0025134328372503818,43.47826087,miv
105,2018,summer,200,Ephemeroptera,Ephemeroptera,0.002982826744495759,43.47826087,miv
105,2018,summer,200,Hydropsychidae,Trichoptera,2.3399007914354285e-4,43.47826087,miv
105,2018,summer,200,Molannidae,Trichoptera,6.580923842073812e-4,43.47826087,miv
105,2018,summer,200,Oligochaeta,Worm,0.009976938718529227,246.3768115722222,miv
105,2018,summer,200,Planorbidae,Gastropoda,0.004084518422198184,108.6956521675,miv
105,2018,summer,200,Sialidae,Megaloptera,0.0020267379180170827,130.434782585,miv
105,2018,summer,200,Sphaeriidae,Bivalvia,5.384635318008228e-5,43.47826087,miv
105,2018,summer,200,Trichoptera,Trichoptera,0.004454102732349866,43.47826087,miv
105,2018,summer,200,Unionidae,Bivalvia,3.084409901227329e-4,130.4347826,miv
105,2019,summer,200,Ceratopogonidae,Diptera,5.302541847457856e-4,38.461538462,miv
105,2019,summer,200,Chironomidae,Chironomidae,5.792648934905528e-4,74.5192307575,miv
105,2019,summer,200,Ephemeridae,Ephemeroptera,0.01809762824290536,9.615384615,miv
105,2019,summer,200,Ephemeroptera,Ephemeroptera,0.0037231918292171253,9.615384615,miv
105,2019,summer,200,Oligochaeta,Worm,0.004074029264362417,51.923076924,miv
105,2019,summer,200,Planorbidae,Gastropoda,0.004084518422198184,269.2307692,miv
105,2019,summer,200,Sialidae,Megaloptera,0.0015275722463574252,19.23076923,miv
105,2019,summer,200,Sphaeriidae,Bivalvia,7.427790357234521e-5,33.653846155,miv
105,2020,summer,200,Ceratopogonidae,Diptera,9.850558202516087e-4,11.53846154,miv
105,2020,summer,200,Chironomidae,Chironomidae,2.0037986707132456e-4,180.76923076,miv
105,2020,summer,200,Gammaridae,Isopoda,2.1505105209285175e-4,15.384615383,miv
105,2020,summer,200,Hirudinea,Worm,0.0031871536779218904,11.53846154,miv
105,2020,summer,200,Oligochaeta,Worm,0.025494440849310008,17.307692308,miv
105,2020,summer,200,Physidae,Gastropoda,0.0017680043676970918,3.846153846,miv
105,2020,summer,200,Sialidae,Megaloptera,6.969701421521343e-4,34.61538462,miv
105,2020,summer,200,Sphaeriidae,Bivalvia,1.605905613794956e-4,67.30769229,miv
113,2018,spring,136,Daphnia,Daphnia,2.2237466429220106e-6,31415.929203539825,zoop
113,2018,spring,136,Calanoida,Calanoid,3.628689182697884e-6,56548.67256637168,zoop
113,2018,spring,136,Cyclopoida,Cyclopoid,7.504262268982839e-7,25132.743362831858,zoop
113,2018,spring,136,Nauplii,Nauplii,1.974979765961791e-7,37699.11504424778,zoop
113,2018,spring,136,Anuraeopsis,Rotifer,4.3334366145e-9,12566.371681415929,zoop
113,2018,spring,136,Keratella.cochlearis,Rotifer,2.2526598572000004e-9,245044.2477876106,zoop
113,2018,spring,136,Keratella.quadrata,Rotifer,1.10609249421e-7,25132.743362831858,zoop
113,2018,spring,151,Daphnia,Daphnia,1.1146458675593032e-6,29469.026548672562,zoop
113,2018,spring,151,Calanoida,Calanoid,3.91452947112798e-6,127699.11504424778,zoop
113,2018,spring,151,Cyclopoida,Cyclopoid,1.551246319875227e-6,42566.37168141593,zoop
113,2018,spring,151,Nauplii,Nauplii,1.7517704272265844e-7,137522.12389380528,zoop
113,2018,spring,151,Keratella.cochlearis,Rotifer,9.3404240825e-10,26194.690265486723,zoop
113,2018,spring,164,Daphnia,Daphnia,4.885879804966066e-6,12610.619469026551,zoop
113,2018,spring,164,Calanoida,Calanoid,6.586018098992204e-6,78185.84070796461,zoop
113,2018,spring,164,Cyclopoida,Cyclopoid,6.277663442642684e-6,20176.99115044248,zoop
113,2018,spring,164,Nauplii,Nauplii,1.2329230149079969e-7,40353.98230088496,zoop
113,2018,spring,179,Daphnia,Daphnia,6.054043850347919e-6,83716.81415929204,zoop
113,2018,spring,179,Calanoida,Calanoid,2.794003454086947e-6,273982.30088495574,zoop
113,2018,spring,179,Cyclopoida,Cyclopoid,1.0706255734538137e-6,60884.955752212394,zoop
113,2018,spring,179,Nauplii,Nauplii,2.3924889093077944e-7,875221.238938053,zoop
113,2018,spring,179,Ascomorpha,Rotifer,7.985749385999997e-9,30442.477876106197,zoop
113,2018,spring,179,Brachionus,Rotifer,2.535509912544e-8,1643893.8053097343,zoop
113,2018,spring,179,Keratella.cochlearis,Rotifer,1.6272841837600003e-9,761061.9469026548,zoop
113,2018,spring,179,Polyarthra,Rotifer,3.1059558264000006e-8,38053.097345132745,zoop
113,2018,spring,179,Pompholyx,Rotifer,1.6070640363333337e-8,68495.57522123893,zoop
113,2018,summer,192,Daphnia,Daphnia,8.766207160503528e-7,14513.27433628319,zoop
113,2018,summer,192,Diaphanosoma,Lg.Cladocera,8.182383286127917e-7,7256.637168141595,zoop
113,2018,summer,192,Calanoida,Calanoid,3.6530810249831312e-6,228584.07079646023,zoop
113,2018,summer,192,Cyclopoida,Cyclopoid,1.8478525786622305e-6,21769.91150442478,zoop
113,2018,summer,192,Nauplii,Nauplii,1.6566647350811452e-7,159646.0176991151,zoop
113,2018,summer,192,Keratella.cochlearis,Rotifer,1.0069245986666666e-9,21769.91150442478,zoop
113,2018,summer,206,Calanoida,Calanoid,3.9878249808036426e-6,92389.38053097346,zoop
113,2018,summer,206,Cyclopoida,Cyclopoid,1.4874999032751122e-6,46194.69026548673,zoop
113,2018,summer,206,Nauplii,Nauplii,2.3431641586439656e-7,215575.22123893807,zoop
113,2018,summer,206,Conochilus,Rotifer,2.20738389408e-6,400353.98230088496,zoop
113,2018,summer,206,Polyarthra,Rotifer,3.143070526400001e-8,25663.716814159296,zoop
113,2018,summer,220,Calanoida,Calanoid,1.960419561066538e-6,16283.185840707965,zoop
113,2018,summer,220,Nauplii,Nauplii,2.5517073148291363e-7,136371.6814159292,zoop
113,2018,summer,220,Keratella.cochlearis,Rotifer,1.5202202044e-9,10176.991150442478,zoop
113,2018,summer,220,Polyarthra,Rotifer,2.1735117728000003e-8,28495.57522123894,zoop
113,2019,spring,149,Bosmina,Bosmina,5.315355625066654e-7,14070.796460176989,zoop
113,2019,spring,149,Calanoida,Calanoid,3.301613164953349e-6,60973.45132743362,zoop
113,2019,spring,149,Cyclopoida,Cyclopoid,1.3563314778570764e-6,9380.530973451328,zoop
113,2019,spring,149,Nauplii,Nauplii,9.014823141984048e-8,63318.58407079645,zoop
113,2019,spring,149,Keratella.cochlearis,Rotifer,4.4249103452e-9,11725.66371681416,zoop
113,2019,spring,162,Daphnia,Daphnia,4.300825128948616e-6,55486.725663716825,zoop
113,2019,spring,162,Diaphanosoma,Lg.Cladocera,8.041377097434972e-7,5840.707964601772,zoop
113,2019,spring,162,Calanoida,Calanoid,3.960064502901468e-6,75929.20353982302,zoop
113,2019,spring,162,Cyclopoida,Cyclopoid,1.946353436847462e-6,8761.061946902655,zoop
113,2019,spring,162,Nauplii,Nauplii,1.0356994519058992e-7,154778.76106194692,zoop
113,2019,spring,162,Keratella.cochlearis,Rotifer,1.177181168e-9,14601.769911504427,zoop
113,2019,spring,162,Keratella.quadrata,Rotifer,7.0959306726e-8,8761.061946902655,zoop
113,2019,spring,177,Daphnia,Daphnia,2.4097615018308297e-5,4513.274336283185,zoop
113,2019,spring,177,Calanoida,Calanoid,5.539790890873882e-6,40619.46902654867,zoop
113,2019,spring,177,Cyclopoida,Cyclopoid,9.59461720327178e-6,4513.274336283185,zoop
113,2019,spring,177,Nauplii,Nauplii,1.0755423717102185e-7,85752.21238938053,zoop
113,2019,summer,197,Calanoida,Calanoid,4.661696993112224e-6,7964.6017699115055,zoop
113,2019,summer,197,Nauplii,Nauplii,1.9926442804259368e-7,75663.7168141593,zoop
113,2019,summer,197,Brachionus,Rotifer,4.3113656795999994e-8,7964.6017699115055,zoop
113,2019,summer,197,Keratella.cochlearis,Rotifer,8.742857414000002e-10,39823.008849557526,zoop
113,2019,summer,197,Polyarthra,Rotifer,4.575072281054546e-8,87610.61946902657,zoop
113,2019,summer,225,Nauplii,Nauplii,1.3752422388618064e-7,73097.34513274337,zoop
113,2019,summer,225,Brachionus,Rotifer,2.187521022816e-8,250619.46902654864,zoop
113,2019,summer,225,Pompholyx,Rotifer,1.05927e-8,10442.477876106193,zoop
113,2020,spring,148,Daphnia,Daphnia,1.817113456312699e-5,5973.451327433627,zoop
113,2020,spring,148,Cyclopoida,Cyclopoid,3.2046232742463105e-6,2389.3805309734516,zoop
113,2020,spring,148,Nauplii,Nauplii,1.5590645348504206e-7,7168.141592920354,zoop
113,2020,spring,148,Keratella.cochlearis,Rotifer,5.770654405920001e-9,11150.442477876106,zoop
113,2020,spring,164,Chydorus,Chydorid,1.7380930115855707e-6,15575.221238938057,zoop
113,2020,spring,164,Daphnia,Daphnia,2.172686906224555e-6,3893.805309734514,zoop
113,2020,spring,164,Calanoida,Calanoid,2.734498673534698e-6,20766.96165191741,zoop
113,2020,spring,164,Cyclopoida,Cyclopoid,2.2213085989474054e-6,19469.026548672566,zoop
113,2020,spring,164,Nauplii,Nauplii,1.5306550971950234e-7,14277.286135693219,zoop
113,2020,spring,164,Polyarthra,Rotifer,2.0257845930000002e-8,5191.740412979352,zoop
113,2020,spring,175,Daphnia,Daphnia,1.5258078159107533e-5,4274.336283185841,zoop
113,2020,spring,175,Calanoida,Calanoid,7.452303733654803e-6,4274.336283185841,zoop
113,2020,spring,175,Cyclopoida,Cyclopoid,1.6163452669294653e-6,6716.8141592920365,zoop
113,2020,spring,175,Nauplii,Nauplii,2.0609055251438112e-7,22592.92035398231,zoop
113,2020,summer,192,Cyclopoida,Cyclopoid,2.8399419261759118e-6,7831.858407079647,zoop
113,2020,summer,192,Nauplii,Nauplii,1.2667856537886135e-7,49601.76991150443,zoop
113,2020,summer,192,Brachionus,Rotifer,2.2907116784640003e-8,138362.8318584071,zoop
113,2020,summer,192,Filinia,Rotifer,1.9805290865100002e-8,28716.814159292036,zoop
113,2020,summer,192,Keratella.cochlearis,Rotifer,3.930214194133333e-9,39159.29203539823,zoop
113,2020,summer,192,Polyarthra,Rotifer,3.732492423200001e-8,36548.672566371686,zoop
113,2020,summer,205,Calanoida,Calanoid,5.345703956740461e-7,5309.734513274337,zoop
113,2020,summer,205,Nauplii,Nauplii,1.9948415031200456e-7,27433.628318584073,zoop
113,2020,summer,205,Keratella.cochlearis,Rotifer,1.2615961179999999e-9,4424.778761061947,zoop
113,2020,summer,205,Lecane,Rotifer,2.879143016666666e-8,15929.20353982301,zoop
113,2020,spring,141,Daphnia,Daphnia,2.560271994472648e-6,72114.274721046575,zoop
113,2020,spring,141,Calanoida,Calanoid,5.701041014776642e-6,8241.631396691035,zoop
113,2020,spring,141,Cyclopoida,Cyclopoid,7.272976855601268e-7,24724.894190073108,zoop
113,2020,spring,141,Nauplii,Nauplii,1.2290268980953187e-7,14422.854944209314,zoop
113,2020,spring,141,Keratella.cochlearis,Rotifer,1.0901582905000002e-9,16483.26279338207,zoop
113,2020,summer,190,Calanoida,Calanoid,2.3658631429864736e-6,20961.651917404128,zoop
113,2020,summer,190,Nauplii,Nauplii,1.4831380148075875e-7,34300.884955752204,zoop
113,2020,summer,190,Keratella.cochlearis,Rotifer,1.25458131e-9,102902.65486725664,zoop
113,2020,summer,190,Polyarthra,Rotifer,1.6585157372000006e-8,26678.466076696164,zoop
113,2018,summer,200,Ceratopogonidae,Diptera,0.001157969419151237,173.91304344666668,miv
113,2018,summer,200,Chironomidae,Chironomidae,5.054929970909505e-4,2304.34782619,miv
113,2018,summer,200,Ephydridae,Diptera,4.682716533795744e-4,86.95652174,miv
113,2018,summer,200,Gammaridae,Isopoda,9.283573358930335e-5,43.47826087,miv
113,2018,summer,200,Hirudinea,Worm,0.003312234987383803,86.95652174666667,miv
113,2018,summer,200,Oligochaeta,Worm,0.0027042960255389587,788.04347827125,miv
113,2018,summer,200,Physidae,Gastropoda,0.0037774246122525943,43.47826087,miv
113,2018,summer,200,Simuliidae,Diptera,0.029348010262633176,43.47826087,miv
113,2018,summer,200,Sphaeriidae,Bivalvia,0.001009348650042612,86.95652174,miv
113,2018,summer,200,Unionidae,Bivalvia,0.002707724720401347,65.217391305,miv
113,2019,summer,200,Ceratopogonidae,Diptera,0.00136752513115955,76.92307692,miv
113,2019,summer,200,Chironomidae,Chironomidae,2.4763773160421616e-4,201.923076921,miv
113,2019,summer,200,Hirudinea,Worm,0.008742985297190949,48.076923074999996,miv
113,2019,summer,200,Oligochaeta,Worm,0.011529590956817819,284.1880341777778,miv
113,2019,summer,200,Physidae,Gastropoda,0.0037774246122525943,57.69230769,miv
113,2019,summer,200,Planorbidae,Gastropoda,0.002074428177039316,115.3846154,miv
113,2019,summer,200,Sialidae,Megaloptera,9.877651151863828e-4,19.23076923,miv
113,2019,summer,200,Sphaeriidae,Bivalvia,3.8511421976879814e-4,81.730769215,miv
113,2019,summer,200,Trichoptera,Trichoptera,0.007037696267071709,19.23076923,miv
113,2020,summer,200,Chironomidae,Chironomidae,4.367124246223483e-4,199.51923079,miv
113,2020,summer,200,Dreissenidae,Dreissenidae,0.07759754590045867,294.8717949,miv
113,2020,summer,200,Gammaridae,Isopoda,5.355815678785558e-4,6.41025641,miv
113,2020,summer,200,Hirudinea,Worm,0.0060276101422873755,6.41025641,miv
113,2020,summer,200,Oligochaeta,Worm,0.004628118753372359,92.147435905,miv
113,2020,summer,200,Sialidae,Megaloptera,0.004299752772889672,19.23076923,miv
113,2020,summer,200,Sphaeriidae,Bivalvia,0.001477524472747972,56.089743585,miv
113,2020,summer,200,Trichoptera,Trichoptera,0.007102601779111789,9.615384615,miv
12,2018,summer,243,Bosmina,Bosmina,5.036936459316047e-7,159292.0353982301,zoop
12,2018,summer,243,Ceriodaphnia,Ceriodaphnia,1.2330164697256783e-6,938053.097345133,zoop
12,2018,summer,243,Chydorus,Chydorid,1.4899601623809658e-6,159292.0353982301,zoop
12,2018,summer,243,Daphnia,Daphnia,3.412313747879671e-6,176991.15044247787,zoop
12,2018,summer,243,Calanoida,Calanoid,3.23501711331772e-6,35398.230088495584,zoop
12,2018,summer,243,Cyclopoida,Cyclopoid,3.2265746232121014e-6,141592.92035398234,zoop
12,2018,summer,243,Nauplii,Nauplii,1.320567719973816e-7,601769.9115044249,zoop
12,2018,summer,243,Filinia,Rotifer,4.51103727932e-8,35398.230088495584,zoop
12,2018,summer,243,Keratella.cochlearis,Rotifer,1.7544201521600005e-9,1769911.504424779,zoop
12,2018,summer,243,Polyarthra,Rotifer,4.886540805664001e-8,1292035.3982300886,zoop
12,2018,summer,243,Pompholyx,Rotifer,8.344267692857141e-9,123893.80530973453,zoop
12,2020,summer,195,Bosmina,Bosmina,4.572198988058021e-7,248318.58407079647,zoop
12,2020,summer,195,Ceriodaphnia,Ceriodaphnia,1.2967043871109195e-6,647787.6106194691,zoop
12,2020,summer,195,Chydorus,Chydorid,1.6345409781247914e-6,21592.920353982303,zoop
12,2020,summer,195,Daphnia,Daphnia,1.3483709565947033e-6,140353.98230088496,zoop
12,2020,summer,195,Calanoida,Calanoid,4.587469571252418e-6,118761.06194690266,zoop
12,2020,summer,195,Cyclopoida,Cyclopoid,1.4603471166911552e-6,561415.9292035399,zoop
12,2020,summer,195,Nauplii,Nauplii,1.731846247369235e-7,583008.8495575221,zoop
12,2020,summer,195,Brachionus,Rotifer,3.4801984152e-8,53982.300884955745,zoop
12,2020,summer,195,Keratella.cochlearis,Rotifer,7.518300478720001e-9,399469.02654867264,zoop
12,2020,summer,195,Polyarthra,Rotifer,8.725566948224e-8,431858.40707964596,zoop
12,2020,summer,206,Bosmina,Bosmina,5.523572290130488e-7,92920.35398230089,zoop
12,2020,summer,206,Ceriodaphnia,Ceriodaphnia,1.3403875708442707e-6,291150.4424778762,zoop
12,2020,summer,206,Chydorus,Chydorid,1.4177772507844305e-6,12389.380530973453,zoop
12,2020,summer,206,Calanoida,Calanoid,6.385067936457869e-6,55752.21238938054,zoop
12,2020,summer,206,Cyclopoida,Cyclopoid,2.5239500885877317e-6,92920.35398230089,zoop
12,2020,summer,206,Nauplii,Nauplii,1.514765336030472e-7,185840.70796460178,zoop
12,2020,summer,206,Brachionus,Rotifer,2.1270304504e-8,18584.070796460182,zoop
12,2020,summer,206,Keratella.cochlearis,Rotifer,6.98366542928e-9,260176.99115044257,zoop
12,2020,summer,206,Polyarthra,Rotifer,1.1110532458e-7,86725.66371681418,zoop
12,2020,summer,223,Bosmina,Bosmina,3.599530527185096e-7,39646.01769911505,zoop
12,2020,summer,223,Ceriodaphnia,Ceriodaphnia,1.5647400685013648e-6,69380.53097345134,zoop
12,2020,summer,223,Chydorus,Chydorid,1.8021354400004111e-6,19823.008849557526,zoop
12,2020,summer,223,Daphnia,Daphnia,7.024548105673922e-7,29734.513274336292,zoop
12,2020,summer,223,Cyclopoida,Cyclopoid,1.3952829969201988e-6,99115.04424778762,zoop
12,2020,summer,223,Nauplii,Nauplii,1.8671950242203765e-7,317168.1415929204,zoop
12,2020,summer,223,Keratella.cochlearis,Rotifer,5.19932483568e-9,336991.1504424779,zoop
12,2020,summer,223,Polyarthra,Rotifer,5.594435320133334e-8,118938.05309734517,zoop
12,2020,summer,258,Alonella,Chydorid,1.423737663161123e-7,16592.920353982303,zoop
12,2020,summer,258,Bosmina,Bosmina,4.920772513430698e-7,33185.840707964606,zoop
12,2020,summer,258,Ceriodaphnia,Ceriodaphnia,1.911675958276092e-6,55309.73451327434,zoop
12,2020,summer,258,Chydorus,Chydorid,1.1432856956778326e-6,49778.761061946905,zoop
12,2020,summer,258,Cyclopoida,Cyclopoid,1.6133270333925595e-6,121681.41592920353,zoop
12,2020,summer,258,Nauplii,Nauplii,1.406835228285614e-7,176991.15044247793,zoop
12,2020,summer,258,Brachionus,Rotifer,4.1998597523999984e-8,11061.94690265487,zoop
12,2020,summer,258,Keratella.cochlearis,Rotifer,2.6027944295454547e-9,121681.41592920353,zoop
12,2020,summer,258,Polyarthra,Rotifer,6.336965355753845e-8,71902.65486725664,zoop
12,2019,spring,140,Bosmina,Bosmina,7.19500794966674e-7,39646.01769911504,zoop
12,2019,spring,140,Daphnia,Daphnia,1.693993688256034e-6,79292.03539823009,zoop
12,2019,spring,140,Cyclopoida,Cyclopoid,7.320530589668516e-7,178407.0796460177,zoop
12,2019,spring,140,Nauplii,Nauplii,1.511632794332385e-7,94159.29203539823,zoop
12,2019,spring,140,Keratella.cochlearis,Rotifer,2.8957070225e-9,99115.04424778763,zoop
12,2019,summer,189,Bosmina,Bosmina,7.109857066260522e-7,271504.42477876105,zoop
12,2019,summer,189,Daphnia,Daphnia,1.4666429477225506e-6,46017.699115044255,zoop
12,2019,summer,189,Calanoida,Calanoid,7.292122104194577e-6,36814.159292035394,zoop
12,2019,summer,189,Cyclopoida,Cyclopoid,3.98015473253581e-6,197876.10619469025,zoop
12,2019,summer,189,Nauplii,Nauplii,8.967561551088328e-8,239292.03539823007,zoop
12,2019,summer,189,Asplanchna,Rotifer,6.88312570555545e-7,9203.539823008849,zoop
12,2019,summer,189,Keratella.cochlearis,Rotifer,9.798293514400002e-10,124247.78761061946,zoop
12,2019,summer,189,Polyarthra,Rotifer,3.9426739958666674e-8,32212.389380530974,zoop
12,2019,summer,231,Bosmina,Bosmina,7.059793231321449e-7,122654.86725663718,zoop
12,2019,summer,231,Ceriodaphnia,Ceriodaphnia,1.5153578718751075e-6,178141.59292035401,zoop
12,2019,summer,231,Chydorus,Chydorid,1.2658370138750464e-6,11681.415929203542,zoop
12,2019,summer,231,Daphnia,Daphnia,2.118607680804767e-6,102212.38938053098,zoop
12,2019,summer,231,Diaphanosoma,Lg.Cladocera,1.627556936224748e-6,20442.477876106193,zoop
12,2019,summer,231,Calanoida,Calanoid,6.677191952589223e-6,40884.95575221239,zoop
12,2019,summer,231,Cyclopoida,Cyclopoid,2.181555731670606e-6,116814.1592920354,zoop
12,2019,summer,231,Nauplii,Nauplii,1.9077069692214393e-7,40884.95575221239,zoop
12,2019,summer,231,Keratella.cochlearis,Rotifer,1.6859852964800002e-9,236548.67256637168,zoop
12,2018,summer,200,Chironomidae,Chironomidae,1.8763511391360014e-4,207.254876963625,miv
12,2018,summer,200,Diptera,Diptera,1.2248418274144862e-4,130.43478259,miv
12,2018,summer,200,Hirudinea,Worm,4.0991552012274894e-5,43.47826087,miv
12,2018,summer,200,Oligochaeta,Worm,0.010787856446371315,278.260869554,miv
12,2018,summer,200,Physidae,Gastropoda,0.007393887097131626,156.521739102,miv
12,2018,summer,200,Planorbidae,Gastropoda,0.0019070748451354,87.17621745244445,miv
12,2018,summer,200,Sphaeriidae,Bivalvia,6.799515218200914e-5,86.95652174,miv
12,2019,summer,200,Chironomidae,Chironomidae,5.253177135483008e-4,16.025641025,miv
12,2019,summer,200,Diptera,Diptera,1.1363032155797485e-4,19.23076923,miv
12,2019,summer,200,Oligochaeta,Worm,0.006976704745119271,22.435897435,miv
12,2019,summer,200,Physidae,Gastropoda,0.0016203195841942358,28.84615385,miv
12,2019,summer,200,Planorbidae,Gastropoda,0.0019553317988018483,9.615384615,miv
12,2020,summer,200,Chironomidae,Chironomidae,2.2824716799891095e-4,28.84615384875,miv
12,2020,summer,200,Oligochaeta,Worm,0.006543379041973588,55.28846154,miv
12,2020,summer,200,Physidae,Gastropoda,0.004596562661676863,16.025641025,miv
12,2020,summer,200,Planorbidae,Gastropoda,0.0010802679627693714,19.23076923,miv
12,2020,summer,200,Sphaeriidae,Bivalvia,6.799515218200914e-5,9.615384615,miv
19,2018,spring,135,Bosmina,Bosmina,3.9399923172899994e-7,14867.256637168144,zoop
19,2018,spring,135,Daphnia,Daphnia,9.199385902594531e-7,158584.0707964602,zoop
19,2018,spring,135,Simocephalus,Lg.Cladocera,4.02929062317235e-6,44601.76991150442,zoop
19,2018,spring,135,Calanoida,Calanoid,1.8104502892972955e-6,208141.59292035399,zoop
19,2018,spring,135,Cyclopoida,Cyclopoid,1.7131638318438432e-6,257699.11504424782,zoop
19,2018,spring,135,Nauplii,Nauplii,1.931269173284248e-7,198230.08849557527,zoop
19,2018,spring,135,Keratella.cochlearis,Rotifer,8.610344239999999e-10,763185.8407079646,zoop
19,2018,spring,150,Chydorus,Chydorid,7.592241991535257e-7,9026.54867256637,zoop
19,2018,spring,150,Daphnia,Daphnia,5.9912123314533704e-6,99292.0353982301,zoop
19,2018,spring,150,Calanoida,Calanoid,3.011654471186087e-6,63185.840707964606,zoop
19,2018,spring,150,Cyclopoida,Cyclopoid,1.2999078430303513e-6,40619.46902654868,zoop
19,2018,spring,150,Nauplii,Nauplii,1.5638090499635345e-7,261769.9115044248,zoop
19,2018,spring,150,Keratella.cochlearis,Rotifer,2.0235763904799997e-9,148938.0530973451,zoop
19,2018,spring,150,Keratella.quadrata,Rotifer,1.19247742625e-7,13539.823008849558,zoop
19,2018,spring,163,Chydorus,Chydorid,9.271555330454406e-7,9026.54867256637,zoop
19,2018,spring,163,Daphnia,Daphnia,8.804023320219307e-6,148938.0530973451,zoop
19,2018,spring,163,Calanoida,Calanoid,3.3542978484892467e-6,108318.58407079645,zoop
19,2018,spring,163,Cyclopoida,Cyclopoid,1.0609695872076145e-6,67699.11504424778,zoop
19,2018,spring,163,Nauplii,Nauplii,1.7759041668137754e-7,153451.32743362832,zoop
19,2018,spring,163,Asplanchna,Rotifer,3.3667045182381006e-7,13539.823008849557,zoop
19,2018,spring,163,Keratella.cochlearis,Rotifer,1.7993167980000003e-9,31592.9203539823,zoop
19,2018,spring,163,Pompholyx,Rotifer,1.562574825e-8,22566.37168141593,zoop
19,2018,spring,178,Nauplii,Nauplii,2.250496984563923e-7,23362.83185840708,zoop
19,2018,spring,178,Keratella.cochlearis,Rotifer,8.102496108000002e-10,249203.53982300885,zoop
19,2018,spring,178,Polyarthra,Rotifer,2.2242101588000002e-8,7787.6106194690265,zoop
19,2018,summer,192,Simocephalus,Lg.Cladocera,1.433144761610603e-7,4247.787610619469,zoop
19,2018,summer,192,Calanoida,Calanoid,2.944888356273086e-6,40353.982300884956,zoop
19,2018,summer,192,Cyclopoida,Cyclopoid,8.486637422249871e-7,16991.150442477876,zoop
19,2018,summer,192,Nauplii,Nauplii,1.480055887645334e-7,74336.28318584072,zoop
19,2018,summer,192,Keratella.cochlearis,Rotifer,1.2185248864e-9,10619.469026548673,zoop
19,2018,summer,192,Polyarthra,Rotifer,2.211657787733334e-8,6371.681415929204,zoop
19,2018,summer,192,Synchaeta,Rotifer,9.823109484999998e-9,4247.787610619469,zoop
19,2018,summer,208,Daphnia,Daphnia,3.029847796785491e-6,27079.646017699117,zoop
19,2018,summer,208,Calanoida,Calanoid,2.89440076082761e-6,58672.566371681416,zoop
19,2018,summer,208,Cyclopoida,Cyclopoid,1.343536629765868e-6,63185.840707964606,zoop
19,2018,summer,208,Nauplii,Nauplii,1.5481658582534494e-7,261769.91150442476,zoop
19,2018,summer,208,Brachionus,Rotifer,3.449231360399999e-8,9026.548672566372,zoop
19,2018,summer,208,Filinia,Rotifer,1.539432209076667e-8,13539.823008849558,zoop
19,2018,summer,208,Keratella.cochlearis,Rotifer,1.2505208397647057e-9,76725.66371681418,zoop
19,2018,summer,219,Daphnia,Daphnia,1.3451997758015166e-6,91327.43362831858,zoop
19,2018,summer,219,Calanoida,Calanoid,3.5628257204319183e-6,72300.88495575222,zoop
19,2018,summer,219,Cyclopoida,Cyclopoid,6.460955987370071e-7,7610.619469026548,zoop
19,2018,summer,219,Nauplii,Nauplii,1.9448601603359517e-7,121769.91150442477,zoop
19,2018,summer,219,Brachionus,Rotifer,2.6768168344e-8,11415.929203539823,zoop
19,2018,summer,219,Keratella.cochlearis,Rotifer,1.2002983117333334e-9,57079.64601769911,zoop
19,2019,spring,155,Daphnia,Daphnia,5.1491466516181895e-6,110619.46902654869,zoop
19,2019,spring,155,Calanoida,Calanoid,3.385209754216063e-6,88495.57522123893,zoop
19,2019,spring,155,Cyclopoida,Cyclopoid,8.91181540418143e-7,66371.6814159292,zoop
19,2019,spring,155,Nauplii,Nauplii,2.0308688118306363e-7,137168.14159292035,zoop
19,2019,spring,155,Kellicottia,Rotifer,1.0541970752924997e-8,26548.672566371686,zoop
19,2019,spring,169,Chydorus,Chydorid,7.806822657875307e-7,7876.1061946902655,zoop
19,2019,spring,169,Daphnia,Daphnia,7.881371164939127e-6,74823.00884955752,zoop
19,2019,spring,169,Calanoida,Calanoid,6.697611557627571e-6,19690.265486725664,zoop
19,2019,spring,169,Cyclopoida,Cyclopoid,2.828787632363717e-6,43318.58407079646,zoop
19,2019,spring,169,Nauplii,Nauplii,2.842161435194369e-7,94513.2743362832,zoop
19,2019,spring,169,Keratella.cochlearis,Rotifer,4.260508280999999e-9,7876.1061946902655,zoop
19,2019,summer,190,Alonella,Chydorid,1.2871899177096928e-7,13097.345132743363,zoop
19,2019,summer,190,Chydorus,Chydorid,1.0993845887142146e-6,16371.681415929203,zoop
19,2019,summer,190,Daphnia,Daphnia,9.598627554667219e-6,26194.690265486726,zoop
19,2019,summer,190,Calanoida,Calanoid,3.9137682758965834e-6,29469.026548672566,zoop
19,2019,summer,190,Cyclopoida,Cyclopoid,1.6676865292427913e-6,45840.707964601774,zoop
19,2019,summer,190,Nauplii,Nauplii,1.8554360135054423e-7,153893.8053097345,zoop
19,2019,summer,204,Daphnia,Daphnia,2.8076666260492136e-6,5973.451327433629,zoop
19,2019,summer,204,Calanoida,Calanoid,3.019163821172123e-6,13938.053097345133,zoop
19,2019,summer,204,Cyclopoida,Cyclopoid,1.3800765570239534e-6,11946.902654867257,zoop
19,2019,summer,204,Nauplii,Nauplii,1.8566215594575473e-7,49778.761061946905,zoop
19,2019,summer,204,Keratella.cochlearis,Rotifer,1.2778176968800002e-9,95575.22123893806,zoop
19,2019,summer,219,Calanoida,Calanoid,1.0965258227005003e-6,8628.318584070797,zoop
19,2019,summer,219,Cyclopoida,Cyclopoid,8.238095636938262e-7,5752.212389380531,zoop
19,2019,summer,219,Nauplii,Nauplii,1.8026690536958134e-7,51769.91150442478,zoop
19,2019,summer,219,Keratella.cochlearis,Rotifer,2.4890894407199996e-9,132300.88495575223,zoop
19,2019,summer,219,Pompholyx,Rotifer,1.0948836033599999e-8,77654.86725663717,zoop
19,2020,spring,150,Bosmina,Bosmina,4.711303738792031e-7,22654.86725663717,zoop
19,2020,spring,150,Daphnia,Daphnia,5.769107765813813e-6,67964.6017699115,zoop
19,2020,spring,150,Cyclopoida,Cyclopoid,2.7276140907289316e-6,62300.88495575221,zoop
19,2020,spring,150,Nauplii,Nauplii,2.349163955731709e-7,62300.88495575221,zoop
19,2020,spring,150,Keratella.cochlearis,Rotifer,3.34387131472e-9,1008141.592920354,zoop
19,2020,spring,166,Chydorus,Chydorid,9.260547532110275e-7,1887.9056047197637,zoop
19,2020,spring,166,Daphnia,Daphnia,7.384477633273635e-6,14159.292035398228,zoop
19,2020,spring,166,Calanoida,Calanoid,5.1106062473416754e-6,11327.433628318584,zoop
19,2020,spring,166,Cyclopoida,Cyclopoid,4.843556733698472e-6,15103.24483775811,zoop
19,2020,spring,166,Nauplii,Nauplii,2.3714571840644363e-7,20766.9616519174,zoop
19,2020,spring,166,Asplanchna,Rotifer,4.27293387471015e-7,3775.8112094395274,zoop
19,2020,spring,166,Keratella.cochlearis,Rotifer,3.8969496095555554e-9,8495.575221238938,zoop
19,2020,spring,177,Daphnia,Daphnia,6.294966313811472e-6,6637.168141592922,zoop
19,2020,spring,177,Calanoida,Calanoid,7.735582407765122e-6,19911.504424778763,zoop
19,2020,spring,177,Cyclopoida,Cyclopoid,4.668430359516801e-6,22123.893805309737,zoop
19,2020,spring,177,Nauplii,Nauplii,1.8856166518909565e-7,19911.504424778763,zoop
19,2020,spring,177,Brachionus,Rotifer,1.9040045838e-8,26548.67256637169,zoop
19,2020,spring,177,Filinia,Rotifer,9.433443662499999e-9,4424.778761061948,zoop
19,2020,spring,177,Keratella.cochlearis,Rotifer,4.79789442624e-9,57522.123893805314,zoop
19,2020,spring,177,Polyarthra,Rotifer,2.8510388424000004e-8,6637.168141592922,zoop
19,2020,summer,213,Nauplii,Nauplii,2.469133991820648e-7,34070.79646017699,zoop
19,2020,summer,213,Asplanchna,Rotifer,8.532400600542e-8,9734.513274336283,zoop
19,2020,summer,213,Brachionus,Rotifer,2.5349995720000002e-8,14601.769911504425,zoop
19,2020,summer,213,Keratella.cochlearis,Rotifer,1.80932511664e-9,379646.0176991151,zoop
19,2020,summer,226,Calanoida,Calanoid,3.904410846303408e-6,66371.6814159292,zoop
19,2020,summer,226,Cyclopoida,Cyclopoid,1.662025324316195e-6,13274.336283185843,zoop
19,2020,summer,226,Nauplii,Nauplii,1.8420005549922688e-7,92920.35398230089,zoop
19,2020,summer,226,Brachionus,Rotifer,2.3557850413333338e-8,39823.008849557526,zoop
19,2020,summer,226,Keratella.cochlearis,Rotifer,1.6892057697600003e-9,190265.4867256637,zoop
19,2018,summer,200,Ceratopogonidae,Diptera,0.0010248113789664431,86.956521735,miv
19,2018,summer,200,Chironomidae,Chironomidae,2.9960717654250557e-4,286.956519988,miv
19,2018,summer,200,Diptera,Diptera,2.708663902905171e-4,43.47826087,miv
19,2018,summer,200,Oligochaeta,Worm,0.008156682185046357,371.9806763411111,miv
19,2019,summer,200,Ceratopogonidae,Diptera,3.029835481164445e-4,9.615384615,miv
19,2019,summer,200,Chironomidae,Chironomidae,4.890933754533886e-4,43.269228845,miv
19,2019,summer,200,Diptera,Diptera,2.708663902905171e-4,10.416666154,miv
19,2019,summer,200,Oligochaeta,Worm,0.011704122460420293,216.34616666666668,miv
19,2020,summer,200,Ceratopogonidae,Diptera,3.1154804725092434e-4,12.82051282,miv
19,2020,summer,200,Chironomidae,Chironomidae,1.3868641660366184e-4,40.0641025625,miv
19,2020,summer,200,Oligochaeta,Worm,0.0031524822911768845,22.435897435,miv
36,2018,spring,135,Bosmina,Bosmina,9.037402224025924e-7,355486.72566371685,zoop
36,2018,spring,135,Chydorus,Chydorid,1.8281914069330151e-6,106991.15044247787,zoop
36,2018,spring,135,Daphnia,Daphnia,1.0329819941316698e-6,203628.31858407077,zoop
36,2018,spring,135,Calanoida,Calanoid,5.6443634978477815e-6,86283.18584070796,zoop
36,2018,spring,135,Cyclopoida,Cyclopoid,1.350371160016299e-6,434867.25663716806,zoop
36,2018,spring,135,Nauplii,Nauplii,1.6858009139540928e-7,69026.54867256636,zoop
36,2018,spring,135,Filinia,Rotifer,2.6646247742399998e-8,10353.982300884954,zoop
36,2018,spring,135,Keratella.cochlearis,Rotifer,1.1994132104800002e-9,176017.69911504423,zoop
36,2018,spring,150,Bosmina,Bosmina,8.671646507420739e-7,37787.610619469015,zoop
36,2018,spring,150,Chydorus,Chydorid,1.59097557195276e-6,91769.91150442476,zoop
36,2018,spring,150,Daphnia,Daphnia,2.0645686441688775e-6,161946.90265486724,zoop
36,2018,spring,150,Calanoida,Calanoid,2.173809815512147e-6,21592.920353982296,zoop
36,2018,spring,150,Cyclopoida,Cyclopoid,8.783161798881454e-7,37787.610619469015,zoop
36,2018,spring,150,Nauplii,Nauplii,1.7052088716902877e-7,151150.44247787606,zoop
36,2018,spring,150,Asplanchna,Rotifer,4.4548830179724004e-7,21592.920353982296,zoop
36,2018,spring,150,Keratella.cochlearis,Rotifer,2.6804949935000003e-9,21592.920353982296,zoop
36,2018,spring,163,Chydorus,Chydorid,1.3072461308201947e-6,243539.82300884952,zoop
36,2018,spring,163,Daphnia,Daphnia,7.957834663917524e-6,45663.7168141593,zoop
36,2018,spring,163,Calanoida,Calanoid,3.543925113095384e-6,53274.33628318585,zoop
36,2018,spring,163,Cyclopoida,Cyclopoid,1.219976165793076e-6,30442.47787610619,zoop
36,2018,spring,163,Nauplii,Nauplii,1.9151000312488562e-7,76106.19469026549,zoop
36,2018,spring,163,Keratella.cochlearis,Rotifer,2.201227144571429e-9,26637.168141592923,zoop
36,2018,spring,178,Chydorus,Chydorid,1.5312509056746392e-6,55221.2389380531,zoop
36,2018,spring,178,Diaphanosoma,Lg.Cladocera,1.3514395035190732e-6,13805.309734513276,zoop
36,2018,spring,178,Calanoida,Calanoid,4.443284170328019e-6,32212.389380530978,zoop
36,2018,spring,178,Cyclopoida,Cyclopoid,2.418062332068709e-6,23008.84955752213,zoop
36,2018,spring,178,Nauplii,Nauplii,2.0017625202092226e-7,119646.01769911505,zoop
36,2018,spring,178,Keratella.cochlearis,Rotifer,1.7107865445e-9,55221.2389380531,zoop
36,2018,spring,178,Pompholyx,Rotifer,2.5659250575000003e-8,18407.0796460177,zoop
36,2018,summer,193,Chydorus,Chydorid,1.4416741401710542e-6,20176.99115044248,zoop
36,2018,summer,193,Daphnia,Daphnia,3.0779954944306006e-6,282477.8761061947,zoop
36,2018,summer,193,Diaphanosoma,Lg.Cladocera,3.4164987658494215e-6,20176.99115044248,zoop
36,2018,summer,193,Calanoida,Calanoid,7.141622309286118e-6,30265.486725663723,zoop
36,2018,summer,193,Cyclopoida,Cyclopoid,3.570365290457428e-6,30265.486725663723,zoop
36,2018,summer,193,Nauplii,Nauplii,1.8861463639711861e-7,55486.72566371682,zoop
36,2018,summer,193,Keratella.cochlearis,Rotifer,1.7599306382399996e-9,156371.68141592923,zoop
36,2018,summer,193,Pompholyx,Rotifer,1.8429382795e-8,15132.743362831861,zoop
36,2018,summer,205,Daphnia,Daphnia,2.9086882213062805e-6,39380.53097345133,zoop
36,2018,summer,205,Calanoida,Calanoid,6.974430734135291e-6,15752.212389380533,zoop
36,2018,summer,205,Cyclopoida,Cyclopoid,3.7289081774300953e-6,55132.74336283187,zoop
36,2018,summer,205,Nauplii,Nauplii,2.1132711717809524e-7,157522.1238938053,zoop
36,2018,summer,205,Filinia,Rotifer,8.678909000666666e-9,23628.3185840708,zoop
36,2018,summer,205,Keratella.cochlearis,Rotifer,1.153462672e-9,291415.9292035398,zoop
36,2018,summer,205,Polyarthra,Rotifer,6.923717208799999e-8,15752.212389380533,zoop
36,2018,summer,219,Daphnia,Daphnia,1.500052459301333e-6,35044.24778761062,zoop
36,2018,summer,219,Diaphanosoma,Lg.Cladocera,1.9204220183488386e-6,22300.884955752215,zoop
36,2018,summer,219,Cyclopoida,Cyclopoid,3.83133831653203e-6,22300.884955752215,zoop
36,2018,summer,219,Nauplii,Nauplii,1.9125173970796266e-7,70088.49557522124,zoop
36,2018,summer,219,Keratella.cochlearis,Rotifer,1.1238570092857142e-9,44601.76991150443,zoop
36,2019,spring,155,Cyclopoida,Cyclopoid,2.560959658909962e-6,70796.46017699115,zoop
36,2019,spring,155,Nauplii,Nauplii,1.756769549813056e-7,53097.34513274337,zoop
36,2019,spring,155,Keratella.cochlearis,Rotifer,9.337010504e-10,1022123.8938053099,zoop
36,2019,spring,155,Polyarthra,Rotifer,4.31511234896e-8,163716.81415929206,zoop
36,2019,spring,170,Chydorus,Chydorid,1.996117827497425e-6,9557.522123893807,zoop
36,2019,spring,170,Daphnia,Daphnia,7.071705381328396e-6,28672.56637168142,zoop
36,2019,spring,170,Calanoida,Calanoid,6.740494483694724e-6,86017.69911504425,zoop
36,2019,spring,170,Cyclopoida,Cyclopoid,4.146624266316484e-6,95575.22123893807,zoop
36,2019,spring,170,Nauplii,Nauplii,1.3745762231576522e-7,143362.83185840707,zoop
36,2019,spring,170,Keratella.cochlearis,Rotifer,1.06170128504e-9,410973.4513274337,zoop
36,2019,summer,190,Daphnia,Daphnia,1.645782379712469e-6,43893.80530973451,zoop
36,2019,summer,190,Calanoida,Calanoid,4.64453940699134e-6,98761.06194690267,zoop
36,2019,summer,190,Cyclopoida,Cyclopoid,2.0177769627321254e-6,87787.61061946902,zoop
36,2019,summer,190,Nauplii,Nauplii,9.903874747306916e-8,71327.4336283186,zoop
36,2019,summer,190,Keratella.cochlearis,Rotifer,1.2217381740800002e-9,170088.49557522126,zoop
36,2019,summer,204,Daphnia,Daphnia,5.448827197341199e-6,32212.389380530978,zoop
36,2019,summer,204,Calanoida,Calanoid,5.759085922846416e-6,161061.94690265486,zoop
36,2019,summer,204,Cyclopoida,Cyclopoid,3.259013523440085e-6,78230.08849557523,zoop
36,2019,summer,204,Nauplii,Nauplii,1.4068861108315652e-7,96637.16814159293,zoop
36,2019,summer,204,Keratella.cochlearis,Rotifer,3.5344841471666674e-9,110442.47787610619,zoop
36,2019,summer,218,Daphnia,Daphnia,3.010739625883413e-6,257964.60176991153,zoop
36,2019,summer,218,Calanoida,Calanoid,4.093335128700074e-6,178230.0884955752,zoop
36,2019,summer,218,Cyclopoida,Cyclopoid,2.6134094372239874e-6,328318.5840707965,zoop
36,2019,summer,218,Nauplii,Nauplii,1.5676165066483188e-7,337699.1150442478,zoop
36,2019,summer,218,Keratella.cochlearis,Rotifer,3.972499706e-9,84424.77876106196,zoop
36,2020,spring,151,Bosmina,Bosmina,1.0670226377258022e-6,7964.601769911504,zoop
36,2020,spring,151,Chydorus,Chydorid,2.3925184541504333e-6,7964.601769911504,zoop
36,2020,spring,151,Daphnia,Daphnia,4.837501006867805e-6,69026.54867256638,zoop
36,2020,spring,151,Cyclopoida,Cyclopoid,3.3220854857365744e-6,47787.61061946904,zoop
36,2020,spring,151,Nauplii,Nauplii,1.3588726092831282e-7,76991.15044247788,zoop
36,2020,spring,151,Keratella.cochlearis,Rotifer,3.8055390534999995e-9,31858.407079646015,zoop
36,2020,spring,167,Chydorus,Chydorid,1.5069898521658418e-6,46017.69911504426,zoop
36,2020,spring,167,Daphnia,Daphnia,5.083925446829647e-6,59823.008849557526,zoop
36,2020,spring,167,Calanoida,Calanoid,3.198777056206915e-6,46017.69911504426,zoop
36,2020,spring,167,Cyclopoida,Cyclopoid,2.633696773058787e-6,82831.85840707965,zoop
36,2020,spring,167,Nauplii,Nauplii,1.4373116243737844e-7,78230.08849557523,zoop
36,2020,spring,167,Asplanchna,Rotifer,3.520707647032681e-7,23008.84955752213,zoop
36,2020,spring,167,Brachionus,Rotifer,3.612338397000001e-8,18407.0796460177,zoop
36,2020,spring,167,Keratella.cochlearis,Rotifer,3.93364072072e-9,230088.4955752213,zoop
36,2020,spring,176,Daphnia,Daphnia,2.3183399842008985e-6,7610.619469026549,zoop
36,2020,spring,176,Calanoida,Calanoid,6.299195383934798e-6,38053.097345132745,zoop
36,2020,spring,176,Cyclopoida,Cyclopoid,3.750193848935278e-6,64690.26548672567,zoop
36,2020,spring,176,Nauplii,Nauplii,1.3368101875726363e-7,30442.477876106197,zoop
36,2020,spring,176,Brachionus,Rotifer,3.860138877408e-8,110353.98230088495,zoop
36,2020,spring,176,Keratella.cochlearis,Rotifer,3.00274893072e-9,167433.62831858406,zoop
36,2020,summer,190,Daphnia,Daphnia,7.730454551143841e-6,14159.292035398232,zoop
36,2020,summer,190,Calanoida,Calanoid,6.38553684306087e-6,53097.34513274337,zoop
36,2020,summer,190,Cyclopoida,Cyclopoid,5.101803278634484e-6,74336.28318584072,zoop
36,2020,summer,190,Nauplii,Nauplii,2.770289562668157e-7,31858.40707964602,zoop
36,2020,summer,190,Brachionus,Rotifer,2.3787116856e-8,10619.469026548673,zoop
36,2020,summer,190,Keratella.cochlearis,Rotifer,4.044224371846154e-9,46017.69911504425,zoop
36,2020,summer,203,Daphnia,Daphnia,3.755475550559856e-7,63185.840707964606,zoop
36,2020,summer,203,Calanoida,Calanoid,3.6409645301769132e-6,49646.01769911504,zoop
36,2020,summer,203,Cyclopoida,Cyclopoid,2.8321868396605993e-6,31592.920353982303,zoop
36,2020,summer,203,Nauplii,Nauplii,1.1877635427196148e-7,58672.56637168141,zoop
36,2020,summer,203,Keratella.quadrata,Rotifer,1.9981760337000005e-8,370088.4955752212,zoop
36,2020,summer,212,Alonella,Chydorid,5.985605795628057e-8,10619.469026548672,zoop
36,2020,summer,212,Chydorus,Chydorid,1.3241719931937305e-6,21238.938053097343,zoop
36,2020,summer,212,Daphnia,Daphnia,2.7636568419917383e-6,169911.50442477874,zoop
36,2020,summer,212,Calanoida,Calanoid,5.859455211621238e-6,15929.203539823011,zoop
36,2020,summer,212,Cyclopoida,Cyclopoid,2.5793190108539034e-6,95575.22123893807,zoop
36,2020,summer,212,Nauplii,Nauplii,9.097667966844285e-8,47787.61061946904,zoop
36,2020,summer,212,Ascomorpha,Rotifer,1.2290171067e-8,21238.938053097343,zoop
36,2020,summer,212,Brachionus,Rotifer,2.0920962931999997e-8,95575.22123893807,zoop
36,2020,summer,212,Keratella.cochlearis,Rotifer,3.45368831096e-9,148672.5663716814,zoop
36,2020,summer,212,Pompholyx,Rotifer,6.4012238244e-9,334513.2743362832,zoop
36,2020,summer,225,Bosmina,Bosmina,2.6087044053658457e-6,9380.530973451327,zoop
36,2020,summer,225,Chydorus,Chydorid,1.4300379726940433e-6,117256.6371681416,zoop
36,2020,summer,225,Daphnia,Daphnia,3.930831213504107e-6,103185.8407079646,zoop
36,2020,summer,225,Calanoida,Calanoid,3.416638594844252e-6,42212.38938053098,zoop
36,2020,summer,225,Cyclopoida,Cyclopoid,2.346795753102089e-6,23451.327433628325,zoop
36,2020,summer,225,Nauplii,Nauplii,2.2024734081785715e-7,23451.327433628325,zoop
36,2020,summer,225,Ascomorpha,Rotifer,8.9907018018e-9,93805.3097345133,zoop
36,2020,summer,225,Brachionus,Rotifer,1.9853314650461535e-8,60973.45132743363,zoop
36,2020,summer,225,Filinia,Rotifer,1.4762676510400002e-8,51592.9203539823,zoop
36,2020,summer,225,Keratella.cochlearis,Rotifer,3.26544503472e-9,281415.92920353985,zoop
36,2020,summer,225,Polyarthra,Rotifer,3.5712526752000004e-8,9380.530973451327,zoop
36,2020,summer,225,Pompholyx,Rotifer,6.603782494200001e-9,206371.6814159292,zoop
36,2018,summer,200,Ceratopogonidae,Diptera,9.524505639718156e-4,130.4347826,miv
36,2018,summer,200,Chironomidae,Chironomidae,2.214519555806916e-4,439.61352902333334,miv
36,2018,summer,200,Diptera,Diptera,0.001014734788915179,43.47826087,miv
36,2018,summer,200,Ephemeroptera,Ephemeroptera,0.0036853255658248294,57.971014493333335,miv
36,2018,summer,200,Oligochaeta,Worm,0.010943964042182907,167.70186336,miv
36,2018,summer,200,Trichoptera,Trichoptera,0.005739587879518889,130.4348,miv
36,2019,summer,200,Chironomidae,Chironomidae,3.983176095233179e-4,111.53846155,miv
36,2019,summer,200,Oligochaeta,Worm,0.01115297272099508,45.673076923749996,miv
36,2019,summer,200,Unionidae,Bivalvia,3.284038946783393e-4,9.615384615,miv
36,2020,summer,200,Chironomidae,Chironomidae,4.082079627684182e-4,60.09615385625,miv
36,2020,summer,200,Oligochaeta,Worm,0.004511288350693858,61.538461534,miv
36,2020,summer,200,Sialidae,Megaloptera,0.0035975487351521287,9.615384615,miv
36,2020,summer,200,Sphaeriidae,Bivalvia,1.048386770352791e-4,14.4230769225,miv
36,2020,summer,200,Trichoptera,Trichoptera,0.008428601025810126,9.615384615,miv
406,2018,spring,130,Bosmina,Bosmina,8.238169270735889e-7,1694867.2566371683,zoop
406,2018,spring,130,Chydorus,Chydorid,2.158838971688271e-6,262300.88495575223,zoop
406,2018,spring,130,Daphnia,Daphnia,3.2914131736055474e-6,131150.44247787612,zoop
406,2018,spring,130,Calanoida,Calanoid,3.5151746790964453e-6,181592.92035398234,zoop
406,2018,spring,130,Cyclopoida,Cyclopoid,1.3429125058310122e-6,383362.8318584071,zoop
406,2018,spring,130,Nauplii,Nauplii,2.4187748850833e-7,40353.982300884956,zoop
406,2018,spring,130,Asplanchna,Rotifer,4.172821468182249e-7,60530.97345132744,zoop
406,2018,spring,130,Keratella.cochlearis,Rotifer,1.7163243688800005e-9,2733982.300884956,zoop
406,2018,spring,144,Bosmina,Bosmina,1.2121026800353606e-6,279646.01769911504,zoop
406,2018,spring,144,Chydorus,Chydorid,1.187261688492397e-6,125840.70796460177,zoop
406,2018,spring,144,Daphnia,Daphnia,7.952782377010236e-7,90884.95575221241,zoop
406,2018,spring,144,Calanoida,Calanoid,4.534971763543108e-6,27964.60176991151,zoop
406,2018,spring,144,Cyclopoida,Cyclopoid,1.1240726294644084e-6,55929.20353982302,zoop
406,2018,spring,144,Nauplii,Nauplii,1.3708828968283887e-7,377522.1238938054,zoop
406,2018,spring,144,Keratella.cochlearis,Rotifer,1.2066326314999995e-9,27964.60176991151,zoop
406,2018,spring,158,Bosmina,Bosmina,7.015134524975494e-7,232212.38938053095,zoop
406,2018,spring,158,Chydorus,Chydorid,9.48212311036273e-7,188672.56637168143,zoop
406,2018,spring,158,Daphnia,Daphnia,3.065876456849794e-6,79823.00884955752,zoop
406,2018,spring,158,Calanoida,Calanoid,4.924681785582783e-6,58053.09734513274,zoop
406,2018,spring,158,Cyclopoida,Cyclopoid,1.610502227348106e-6,123362.8318584071,zoop
406,2018,spring,158,Nauplii,Nauplii,2.1108307179321205e-7,224955.7522123894,zoop
406,2018,spring,158,Brachionus,Rotifer,5.10359228176e-8,108849.55752212388,zoop
406,2018,spring,158,Keratella.cochlearis,Rotifer,1.6714503414545457e-9,79823.00884955752,zoop
406,2018,summer,184,Ceriodaphnia,Ceriodaphnia,9.82767339519625e-7,23539.823008849562,zoop
406,2018,summer,184,Chydorus,Chydorid,8.625631712901081e-7,178230.0884955752,zoop
406,2018,summer,184,Diaphanosoma,Lg.Cladocera,1.1362242922319784e-6,16814.1592920354,zoop
406,2018,summer,184,Calanoida,Calanoid,2.863904810414989e-6,10088.495575221237,zoop
406,2018,summer,184,Cyclopoida,Cyclopoid,1.0767329122860358e-6,87433.62831858407,zoop
406,2018,summer,184,Nauplii,Nauplii,1.1486035383816604e-7,168141.59292035399,zoop
406,2018,summer,184,Brachionus,Rotifer,4.6506205711e-8,80707.9646017699,zoop
406,2018,summer,184,Filinia,Rotifer,1.6681482839449998e-8,13451.32743362832,zoop
406,2018,summer,184,Keratella.cochlearis,Rotifer,1.2537576293333334e-9,10088.495575221237,zoop
406,2018,summer,184,Polyarthra,Rotifer,4.40516868512e-8,33628.3185840708,zoop
406,2018,summer,184,Pompholyx,Rotifer,2.688969922269231e-8,43716.81415929204,zoop
406,2018,summer,197,Ceriodaphnia,Ceriodaphnia,5.19236821809808e-7,254867.25663716818,zoop
406,2018,summer,197,Chydorus,Chydorid,8.344064170682147e-7,60176.99115044248,zoop
406,2018,summer,197,Diaphanosoma,Lg.Cladocera,7.77250011057336e-7,38938.05309734513,zoop
406,2018,summer,197,Calanoida,Calanoid,2.820710753572301e-6,35398.23008849558,zoop
406,2018,summer,197,Cyclopoida,Cyclopoid,3.8794661650904757e-7,95575.22123893807,zoop
406,2018,summer,197,Nauplii,Nauplii,9.755705482209292e-8,230088.49557522126,zoop
406,2018,summer,197,Keratella.cochlearis,Rotifer,1.342338027e-9,42477.876106194686,zoop
406,2018,summer,197,Polyarthra,Rotifer,3.138356468800001e-8,7079.646017699115,zoop
406,2018,summer,211,Ceriodaphnia,Ceriodaphnia,9.51607176153591e-7,246902.65486725667,zoop
406,2018,summer,211,Chydorus,Chydorid,2.3826905985075625e-6,32920.35398230089,zoop
406,2018,summer,211,Calanoida,Calanoid,5.738965893702538e-6,16460.176991150445,zoop
406,2018,summer,211,Cyclopoida,Cyclopoid,1.2674979652737304e-6,139911.50442477877,zoop
406,2018,summer,211,Nauplii,Nauplii,1.2230099037605872e-7,205752.21238938058,zoop
406,2018,summer,211,Brachionus,Rotifer,4.821711277632e-8,205752.21238938058,zoop
406,2018,summer,211,Keratella.cochlearis,Rotifer,2.286335758727273e-9,181061.94690265486,zoop
406,2019,spring,148,Ceriodaphnia,Ceriodaphnia,6.948346344881943e-7,4955.752212389381,zoop
406,2019,spring,148,Cyclopoida,Cyclopoid,6.340461611708091e-7,81769.91150442479,zoop
406,2019,spring,148,Nauplii,Nauplii,1.1107657476885928e-7,641769.9115044249,zoop
406,2019,spring,148,Asplanchna,Rotifer,8.28375729369006e-7,12389.380530973453,zoop
406,2019,spring,148,Brachionus,Rotifer,5.9074681308e-8,29734.51327433629,zoop
406,2019,spring,148,Keratella.cochlearis,Rotifer,1.79987766112e-9,1680000.0000000002,zoop
406,2019,spring,148,Polyarthra,Rotifer,5.24486791136e-8,1043185.8407079646,zoop
406,2019,spring,170,Daphnia,Daphnia,4.721739191145731e-6,8672.566371681418,zoop
406,2019,spring,170,Cyclopoida,Cyclopoid,1.0950907965170014e-6,43362.83185840709,zoop
406,2019,spring,170,Nauplii,Nauplii,1.460940775567918e-7,54926.25368731564,zoop
406,2019,spring,170,Brachionus,Rotifer,4.8099119458909085e-8,34690.26548672567,zoop
406,2019,spring,170,Keratella.cochlearis,Rotifer,2.7040647822857147e-9,60707.96460176992,zoop
406,2019,spring,170,Polyarthra,Rotifer,3.175591732768001e-8,72271.38643067848,zoop
406,2019,spring,176,Daphnia,Daphnia,2.6186274754345966e-6,10796.46017699115,zoop
406,2019,spring,176,Calanoida,Calanoid,2.0902349408316017e-6,10796.46017699115,zoop
406,2019,spring,176,Cyclopoida,Cyclopoid,2.0007844667926193e-6,75575.22123893806,zoop
406,2019,spring,176,Nauplii,Nauplii,9.704912232818277e-8,102566.37168141594,zoop
406,2019,spring,176,Keratella.cochlearis,Rotifer,1.49052301312e-9,221327.4336283186,zoop
406,2019,spring,176,Polyarthra,Rotifer,4.0986800288e-8,10796.46017699115,zoop
406,2019,summer,212,Daphnia,Daphnia,2.436642586327033e-6,25132.743362831858,zoop
406,2019,summer,212,Calanoida,Calanoid,1.3296409114241342e-6,12566.371681415929,zoop
406,2019,summer,212,Cyclopoida,Cyclopoid,1.7549027075711767e-6,106814.1592920354,zoop
406,2019,summer,212,Nauplii,Nauplii,2.1486802226235704e-7,232477.8761061947,zoop
406,2019,summer,212,Asplanchna,Rotifer,4.3620257892457996e-7,37699.11504424778,zoop
406,2019,summer,212,Asplanchnopus,Rotifer,4.051411690575167e-8,113097.34513274336,zoop
406,2019,summer,212,Filinia,Rotifer,3.4847836160637505e-8,50265.486725663715,zoop
406,2019,summer,212,Keratella.cochlearis,Rotifer,2.27013756928e-9,188495.57522123895,zoop
406,2019,summer,212,Polyarthra,Rotifer,5.602778199200002e-8,106814.1592920354,zoop
406,2019,summer,226,Chydorus,Chydorid,9.925817371397307e-7,13097.345132743363,zoop
406,2019,summer,226,Diaphanosoma,Lg.Cladocera,1.5434093487983569e-6,19646.01769911504,zoop
406,2019,summer,226,Calanoida,Calanoid,4.044740974042252e-6,13097.345132743363,zoop
406,2019,summer,226,Cyclopoida,Cyclopoid,9.207671356919549e-7,104778.7610619469,zoop
406,2019,summer,226,Nauplii,Nauplii,1.0004029613776455e-7,248849.55752212388,zoop
406,2019,summer,226,Keratella.cochlearis,Rotifer,2.1588312890000005e-9,13097.345132743363,zoop
406,2019,summer,226,Polyarthra,Rotifer,2.1603343794666666e-8,19646.01769911504,zoop
406,2019,summer,298,Daphnia,Daphnia,1.6914408456454673e-6,17522.12389380531,zoop
406,2019,summer,298,Cyclopoida,Cyclopoid,1.1169096306663503e-6,175221.2389380531,zoop
406,2019,summer,298,Nauplii,Nauplii,1.5498445910408842e-7,157699.1150442478,zoop
406,2019,summer,298,Asplanchna,Rotifer,6.864641128603051e-7,11681.415929203542,zoop
406,2019,summer,298,Asplanchnopus,Rotifer,1.700192958126e-8,17522.12389380531,zoop
406,2019,summer,298,Keratella.cochlearis,Rotifer,1.8396724150000002e-9,11681.415929203542,zoop
406,2019,summer,298,Polyarthra,Rotifer,4.21796995508e-8,116814.15929203542,zoop
406,2020,spring,154,Chydorus,Chydorid,1.772789281268833e-6,337964.6017699115,zoop
406,2020,spring,154,Daphnia,Daphnia,3.7500831661959433e-6,40353.982300884956,zoop
406,2020,spring,154,Calanoida,Calanoid,7.076441491923325e-6,15132.74336283186,zoop
406,2020,spring,154,Cyclopoida,Cyclopoid,8.412274690554397e-7,75663.7168141593,zoop
406,2020,spring,154,Nauplii,Nauplii,2.610582963432005e-7,100884.95575221241,zoop
406,2020,spring,154,Brachionus,Rotifer,2.578466529272727e-8,110973.45132743364,zoop
406,2020,spring,154,Keratella.cochlearis,Rotifer,1.8477796026666666e-9,30265.48672566372,zoop
406,2020,spring,177,Alonella,Chydorid,5.9003014275017086e-8,243362.8318584071,zoop
406,2020,spring,177,Bosmina,Bosmina,8.461451615304885e-7,22123.893805309734,zoop
406,2020,spring,177,Chydorus,Chydorid,7.626705772659397e-7,137168.14159292035,zoop
406,2020,spring,177,Daphnia,Daphnia,1.4878738580977046e-6,57522.123893805314,zoop
406,2020,spring,177,Diaphanosoma,Lg.Cladocera,9.422281101462734e-7,8849.557522123896,zoop
406,2020,spring,177,Calanoida,Calanoid,5.365192100585147e-6,26548.672566371686,zoop
406,2020,spring,177,Cyclopoida,Cyclopoid,6.192493786046264e-7,106194.69026548674,zoop
406,2020,spring,177,Nauplii,Nauplii,1.4121523746622893e-7,128318.58407079648,zoop
406,2020,spring,177,Brachionus,Rotifer,3.1972704098879995e-8,141592.92035398234,zoop
406,2020,spring,177,Filinia,Rotifer,1.4159099220933337e-8,26548.672566371686,zoop
406,2020,spring,177,Keratella.cochlearis,Rotifer,4.018700180240001e-9,181415.92920353985,zoop
406,2020,spring,177,Polyarthra,Rotifer,3.6025567368e-8,39823.008849557526,zoop
406,2020,summer,205,Bosmina,Bosmina,4.120783581098823e-7,125309.73451327435,zoop
406,2020,summer,205,Chydorus,Chydorid,1.2181389387508539e-6,4247.78761061947,zoop
406,2020,summer,205,Diaphanosoma,Lg.Cladocera,9.85429791652354e-7,4247.78761061947,zoop
406,2020,summer,205,Calanoida,Calanoid,4.396406884657408e-6,14867.256637168144,zoop
406,2020,summer,205,Cyclopoida,Cyclopoid,2.303956954496542e-6,6371.681415929205,zoop
406,2020,summer,205,Nauplii,Nauplii,1.196757957724819e-7,40353.98230088496,zoop
406,2020,summer,205,Asplanchna,Rotifer,2.661269486767126e-7,8495.57522123894,zoop
406,2018,summer,200,Chironomidae,Chironomidae,4.5719502098526775e-4,167.70186335857142,miv
406,2018,summer,200,Oligochaeta,Worm,0.0018198360749557957,95.65217391,miv
406,2018,summer,200,Sphaeriidae,Bivalvia,1.1241655071742566e-4,86.95652174,miv
406,2019,summer,200,Chironomidae,Chironomidae,2.675173400785469e-4,69.230769227,miv
406,2019,summer,200,Oligochaeta,Worm,2.930142258953229e-4,9.615384615,miv
406,2019,summer,200,Planorbidae,Gastropoda,0.0016051170509109739,28.84615385,miv
406,2019,summer,200,Sphaeriidae,Bivalvia,1.1241655071742566e-4,9.615384615,miv
406,2020,summer,200,Chironomidae,Chironomidae,4.782377354410693e-4,50.48076923,miv
406,2020,summer,200,Oligochaeta,Worm,0.0011144878990765553,48.07692308,miv
90,2018,spring,130,Cyclopoida,Cyclopoid,9.540869978492414e-7,161061.94690265486,zoop
90,2018,spring,130,Nauplii,Nauplii,2.3489479193377896e-7,56371.68141592921,zoop
90,2018,spring,130,Keratella.cochlearis,Rotifer,1.1150034453599999e-9,2730000.0000000005,zoop
90,2018,spring,144,Calanoida,Calanoid,5.296871620058793e-6,26637.168141592923,zoop
90,2018,spring,144,Cyclopoida,Cyclopoid,2.14879635223023e-6,98938.05309734514,zoop
90,2018,spring,144,Nauplii,Nauplii,1.9734538281221185e-7,45663.71681415929,zoop
90,2018,spring,144,Keratella.cochlearis,Rotifer,1.43125999776e-9,121769.91150442477,zoop
90,2018,spring,144,Polyarthra,Rotifer,4.8475132006000015e-8,45663.71681415929,zoop
90,2018,spring,158,Cyclopoida,Cyclopoid,2.290275521254453e-6,46991.150442477876,zoop
90,2018,spring,158,Nauplii,Nauplii,1.1307206018378286e-7,17404.129793510325,zoop
90,2018,spring,158,Keratella.cochlearis,Rotifer,1.2933246660000002e-9,41769.911504424774,zoop
90,2018,summer,197,Calanoida,Calanoid,1.6001815578746135e-6,21681.41592920354,zoop
90,2018,summer,197,Cyclopoida,Cyclopoid,6.723359096484635e-7,73716.81415929204,zoop
90,2018,summer,197,Nauplii,Nauplii,1.0700012011631708e-7,47699.11504424779,zoop
90,2018,summer,197,Keratella.cochlearis,Rotifer,8.438702431999999e-10,125752.21238938054,zoop
90,2018,summer,197,Polyarthra,Rotifer,1.8449527846400003e-8,21681.41592920354,zoop
90,2018,summer,213,Cyclopoida,Cyclopoid,2.1671797990731534e-6,318584.07079646015,zoop
90,2019,spring,148,Cyclopoida,Cyclopoid,1.9248013205805398e-6,175575.22123893804,zoop
90,2019,spring,148,Asplanchna,Rotifer,2.309128529072625e-7,21946.902654867255,zoop
90,2019,spring,148,Keratella.cochlearis,Rotifer,1.5909580087999999e-9,3407256.637168142,zoop
90,2019,spring,148,Polyarthra,Rotifer,4.669884292266667e-8,16460.17699115044,zoop
90,2019,spring,163,Cyclopoida,Cyclopoid,1.2978317869092604e-6,168495.57522123895,zoop
90,2019,spring,163,Nauplii,Nauplii,1.9266243822035709e-7,364070.796460177,zoop
90,2019,spring,163,Asplanchna,Rotifer,6.2550897827119e-7,9026.548672566374,zoop
90,2019,spring,163,Keratella.cochlearis,Rotifer,1.1334453100000003e-9,48141.592920353985,zoop
90,2019,spring,163,Polyarthra,Rotifer,4.2618397647000005e-8,24070.796460176993,zoop
90,2019,spring,176,Daphnia,Daphnia,1.418893479717094e-6,46725.66371681417,zoop
90,2019,spring,176,Cyclopoida,Cyclopoid,1.267394869408354e-6,613274.336283186,zoop
90,2019,spring,176,Nauplii,Nauplii,1.4914948337982475e-7,81769.91150442479,zoop
90,2019,summer,198,Daphnia,Daphnia,3.1608457683068155e-6,211460.17699115045,zoop
90,2019,summer,198,Calanoida,Calanoid,1.6554227809283724e-6,15663.716814159294,zoop
90,2019,summer,198,Cyclopoida,Cyclopoid,1.4481181347949134e-6,258451.32743362826,zoop
90,2019,summer,198,Nauplii,Nauplii,2.500988583489415e-7,203628.31858407077,zoop
90,2019,summer,198,Asplanchna,Rotifer,2.050039048512e-8,15663.716814159294,zoop
90,2019,summer,198,Conochilus,Rotifer,3.9448157376e-7,15663.716814159294,zoop
90,2019,summer,198,Keratella.cochlearis,Rotifer,2.9406687470000003e-9,15663.716814159294,zoop
90,2019,summer,212,Daphnia,Daphnia,6.0950886297788566e-6,42743.362831858416,zoop
90,2019,summer,212,Calanoida,Calanoid,6.278076953430681e-6,73274.33628318585,zoop
90,2019,summer,212,Cyclopoida,Cyclopoid,2.0944828344083895e-6,61061.946902654876,zoop
90,2019,summer,212,Nauplii,Nauplii,3.8508644642209196e-7,122123.89380530975,zoop
90,2019,summer,212,Keratella.cochlearis,Rotifer,2.221700848e-9,79380.53097345133,zoop
90,2019,summer,225,Daphnia,Daphnia,3.854917727528004e-6,28141.592920353985,zoop
90,2019,summer,225,Calanoida,Calanoid,5.340511198408093e-6,75044.24778761063,zoop
90,2019,summer,225,Cyclopoida,Cyclopoid,1.648284473815569e-6,206371.68141592926,zoop
90,2019,summer,225,Nauplii,Nauplii,2.699229512577646e-7,131327.4336283186,zoop
90,2019,summer,225,Asplanchnopus,Rotifer,1.0822286306520003e-8,18761.061946902657,zoop
90,2019,summer,225,Keratella.cochlearis,Rotifer,1.5560044319199998e-9,243893.8053097345,zoop
90,2020,spring,154,Chydorus,Chydorid,1.495160586244829e-6,69026.54867256638,zoop
90,2020,spring,154,Daphnia,Daphnia,7.527259082287379e-6,138053.09734513276,zoop
90,2020,spring,154,Calanoida,Calanoid,4.1467683652875806e-6,103539.82300884955,zoop
90,2020,spring,154,Cyclopoida,Cyclopoid,9.76249769448651e-7,62123.89380530974,zoop
90,2020,spring,154,Nauplii,Nauplii,2.1905908502411563e-7,179469.02654867258,zoop
90,2020,spring,154,Keratella.cochlearis,Rotifer,3.38885864536e-9,752389.3805309735,zoop
90,2020,spring,154,Polyarthra,Rotifer,5.428152563399999e-8,27610.619469026547,zoop
90,2020,spring,177,Chydorus,Chydorid,1.1926213135701158e-6,673805.3097345133,zoop
90,2020,spring,177,Daphnia,Daphnia,5.764925083402631e-7,52566.37168141594,zoop
90,2020,spring,177,Calanoida,Calanoid,3.900792584721508e-6,81238.93805309736,zoop
90,2020,spring,177,Cyclopoida,Cyclopoid,1.2345721926912665e-6,105132.74336283188,zoop
90,2020,spring,177,Nauplii,Nauplii,1.9778791376968028e-7,181592.9203539823,zoop
90,2020,spring,177,Polyarthra,Rotifer,3.158800797600001e-8,19115.044247787613,zoop
90,2020,summer,213,Bosmina,Bosmina,4.056525084017643e-7,2002831.8584070792,zoop
90,2020,summer,213,Chydorus,Chydorid,1.236246419196301e-6,56991.15044247788,zoop
90,2020,summer,213,Diaphanosoma,Lg.Cladocera,5.184296772837201e-7,12212.389380530974,zoop
90,2020,summer,213,Cyclopoida,Cyclopoid,4.877158441810955e-7,24424.77876106195,zoop
90,2020,summer,213,Nauplii,Nauplii,1.3763865262873968e-7,8141.592920353982,zoop
90,2020,summer,213,Polyarthra,Rotifer,2.8225911037333343e-8,12212.389380530974,zoop
90,2020,spring,141,Daphnia,Daphnia,7.108245236114596e-7,331858.407079646,zoop
90,2020,spring,141,Calanoida,Calanoid,8.16408739212002e-7,243362.83185840707,zoop
90,2020,spring,141,Cyclopoida,Cyclopoid,1.9179213154072365e-7,66371.68141592921,zoop
90,2020,spring,141,Nauplii,Nauplii,2.8578859269087495e-7,287610.61946902657,zoop
90,2020,spring,141,Keratella.cochlearis,Rotifer,1.1890452163e-9,442477.8761061947,zoop
90,2020,spring,141,Synchaeta,Rotifer,3.9573548628571426e-8,154867.25663716815,zoop
90,2020,summer,190,Chydorus,Chydorid,7.746530752762693e-7,444035.39823008847,zoop
90,2020,summer,190,Daphnia,Daphnia,8.642178749724795e-7,10572.271386430679,zoop
90,2020,summer,190,Calanoida,Calanoid,3.1447233540099877e-6,7929.20353982301,zoop
90,2020,summer,190,Cyclopoida,Cyclopoid,1.2658331445986822e-6,13215.33923303835,zoop
90,2020,summer,190,Nauplii,Nauplii,1.85935599765971e-7,31716.81415929204,zoop
90,2020,summer,190,Keratella.cochlearis,Rotifer,1.0730829061052632e-9,50218.28908554573,zoop
90,2018,summer,200,Ceratopogonidae,Diptera,8.013601320144854e-4,43.47826087,miv
90,2018,summer,200,Chironomidae,Chironomidae,4.390910829472655e-4,756.52173918,miv
90,2018,summer,200,Diptera,Diptera,3.4860778597176496e-4,86.95652174,miv
90,2018,summer,200,Ephemeroptera,Ephemeroptera,0.003062051474864973,43.47826087,miv
90,2018,summer,200,Hirudinea,Worm,0.0013549660581507902,43.47826087,miv
90,2018,summer,200,Oligochaeta,Worm,0.002032373448223362,384.0579710033333,miv
90,2018,summer,200,Trichoptera,Trichoptera,5.52571294438961e-4,43.47826087,miv
90,2019,summer,200,Chironomidae,Chironomidae,5.865306198163128e-4,376.92307691999997,miv
90,2019,summer,200,Diptera,Diptera,0.0020185654503934803,9.615384615,miv
90,2019,summer,200,Hirudinea,Worm,0.00502081271515146,9.615384615,miv
90,2019,summer,200,Oligochaeta,Worm,0.005073442914224049,262.82051283333334,miv
90,2019,summer,200,Planorbidae,Gastropoda,9.150499647214544e-4,9.615384615,miv
90,2020,summer,200,Chironomidae,Chironomidae,2.2695881069909323e-4,53.846153852,miv
90,2020,summer,200,Oligochaeta,Worm,9.338909473686734e-4,36.538461541,miv
90,2020,summer,200,Sphaeriidae,Bivalvia,1.0682378888554625e-4,12.82051282,miv
